"rootId"	"relativePath"	"bytes"	"sha256"
"buildkit_plugin"	"Config/DG_CharacterCreatorSchema.json"	"1564"	"D95F2B5F4771A506D1BCB09F83177B696268964531521DEC68413B7124E49C24"
"buildkit_plugin"	"Config/DG_MasterSkeletonContract.json"	"3356"	"E2223DE774CE26900BD482130939EAAB6F813023EBB689447FCB00697C34A7B2"
"buildkit_plugin"	"DiscGolfCharacterFramework.uplugin"	"485"	"DECACDEEF8746F164F011318EFECEBE9A5135DA824CD81AB8E131B824BDA1F38"
"buildkit_plugin"	"README.md"	"1274"	"CA69C13A66C9A2BC5EA45D076161DF660589DC30CC9E146EDA667342C01393A6"
"buildkit_plugin"	"Source/DiscGolfCharacterFramework/DiscGolfCharacterFramework.Build.cs"	"413"	"36E4C469CBA7D03316D694288BF8D07EAEFB06CAB3ED0280C7D50857774D5656"
"buildkit_plugin"	"Source/DiscGolfCharacterFramework/Private/AnimNotify_DiscRelease.cpp"	"635"	"FDD73201DE0AC1770868EE0ACB4D72E198039A805EF9EC2F098690C596B8C46D"
"buildkit_plugin"	"Source/DiscGolfCharacterFramework/Private/AnimNotify_ThrowFinished.cpp"	"633"	"E8A4985EB36020DA5F01E5FFBABC5D1B07F64FD789AD2AC98E5C64D06113D02B"
"buildkit_plugin"	"Source/DiscGolfCharacterFramework/Private/AnimNotify_ThrowPhase.cpp"	"940"	"39F334214E3A57D2A6C9AB4A06F72F715D66A0CF5DACF82F983B888674B4796F"
"buildkit_plugin"	"Source/DiscGolfCharacterFramework/Private/DiscGolfAIShotPlannerComponent.cpp"	"1741"	"4823B508154FB272756F1F5E4E3AFCEA9CF8FC175D266849B56C865417E15CBC"
"buildkit_plugin"	"Source/DiscGolfCharacterFramework/Private/DiscGolfAnimInstance.cpp"	"1163"	"AB062E52D89E4A42472B79042FDAFFFDFFE5B097EC8D771B98A995E5F892EC0B"
"buildkit_plugin"	"Source/DiscGolfCharacterFramework/Private/DiscGolfAppearanceComponent.cpp"	"1099"	"4CD8D92874A8796DAC6DB088A8D07F7625BB61FCB627A8976632B02650AA1905"
"buildkit_plugin"	"Source/DiscGolfCharacterFramework/Private/DiscGolfAudioBridgeComponent.cpp"	"957"	"44948B6479E1808974D5C48EDB815502BEFF8EF140FA2C6C42C8E3CFCA1B7F6E"
"buildkit_plugin"	"Source/DiscGolfCharacterFramework/Private/DiscGolfAvatarBackendComponent.cpp"	"2081"	"591493F462E464345893E32A9474A837B070395B49551AEFF781A044E0AF984A"
"buildkit_plugin"	"Source/DiscGolfCharacterFramework/Private/DiscGolfBagComponent.cpp"	"4400"	"1BE55FD1B496B7B567706E93563C8D3FB743D96AA06AB9CEFCE55881CA1671CE"
"buildkit_plugin"	"Source/DiscGolfCharacterFramework/Private/DiscGolfCameraDirectorComponent.cpp"	"706"	"17572B1C342968CC9085CC0523C5F7570CC3FF8BFC726C9EB07187A7D8B3DCA7"
"buildkit_plugin"	"Source/DiscGolfCharacterFramework/Private/DiscGolfCharacterCustomizationComponent.cpp"	"9408"	"5E9402A4D33DBCC9F7237577196CFC5319C1C5D87C5968090636A1FBC90F8A44"
"buildkit_plugin"	"Source/DiscGolfCharacterFramework/Private/DiscGolfCharacterFramework.cpp"	"156"	"BC0C2D44131132EEFD6CEE8F3B3C6CF19B8D0A180C3ECCC4C78D5195637A9D55"
"buildkit_plugin"	"Source/DiscGolfCharacterFramework/Private/DiscGolfCharacterProfile.cpp"	"1270"	"BA5FA5508B0199CE6DC58D2CF0D385F54AC0E5FC321FDD16C1D26CE31EEB0A04"
"buildkit_plugin"	"Source/DiscGolfCharacterFramework/Private/DiscGolfCosmeticCatalog.cpp"	"944"	"6A1A2ABF8CA4335FF1A510CDEEAB9F6AE3A1491DF609D512BF951EFBB5CD7989"
"buildkit_plugin"	"Source/DiscGolfCharacterFramework/Private/DiscGolfCourseValidatorLibrary.cpp"	"7417"	"FDABE7FC8ABF7D02C34D5784781E02BD7021D725B190CE9F4B135AAEDF7E88BE"
"buildkit_plugin"	"Source/DiscGolfCharacterFramework/Private/DiscGolfDiscCatalog.cpp"	"1056"	"2D05AD4EDEE74D5451A6230D6B98301846A36D52288465D292168E9E09519A0F"
"buildkit_plugin"	"Source/DiscGolfCharacterFramework/Private/DiscGolfDiscLibrary.cpp"	"864"	"4553F47267000089E0A9F904BDDA3CB76052A6A9728AC0673E72BE5CA84A9B7F"
"buildkit_plugin"	"Source/DiscGolfCharacterFramework/Private/DiscGolfEnvironmentBridgeComponent.cpp"	"625"	"A16A61A601B8076B4D336D510814693EF0CD206553407C6116D8CF892EB75ABD"
"buildkit_plugin"	"Source/DiscGolfCharacterFramework/Private/DiscGolfOutfitCatalog.cpp"	"930"	"982C7E0546A4364E4ED97A442BBB6EB7185210FC481B1AF2B37CAB11CACE44EE"
"buildkit_plugin"	"Source/DiscGolfCharacterFramework/Private/DiscGolfOutfitComponent.cpp"	"9964"	"C9F7ED7367C671AEE353E3F73D636C14A3ACB3D0B928BAFBCD907C30AE340C2C"
"buildkit_plugin"	"Source/DiscGolfCharacterFramework/Private/DiscGolfOutfitItem.cpp"	"530"	"2BE016A1922A5D68B10359098276B85D33BEB3A4B9AD2F216D5CE207CB052EB1"
"buildkit_plugin"	"Source/DiscGolfCharacterFramework/Private/DiscGolfPlayabilityLibrary.cpp"	"1885"	"9D0AA98C8A3266814F3947B56E547B14C589E2262C2BD25F71777FC67B3208F0"
"buildkit_plugin"	"Source/DiscGolfCharacterFramework/Private/DiscGolfPlayabilityMonitorComponent.cpp"	"1924"	"B8B210D729551443B5547E5E998FF6F5402B2D5DAC90B367450C719170BFF75F"
"buildkit_plugin"	"Source/DiscGolfCharacterFramework/Private/DiscGolfReplayBridgeComponent.cpp"	"1530"	"4FCCB24C77E5A2DE6E067F066A8BF1AB4677DA6C871EDC6AC5D20A9A4C1C4A2E"
"buildkit_plugin"	"Source/DiscGolfCharacterFramework/Private/DiscGolfScoringLibrary.cpp"	"872"	"DDDCA45B87D472FA8250BC259C74951BA3BF8E531D3F5B076C5344C4845C8D8A"
"buildkit_plugin"	"Source/DiscGolfCharacterFramework/Private/DiscGolfSettingsSubsystem.cpp"	"1705"	"84F0A971D8A721CEA9EA0CA8BE5D31EBC09FF238A77AFBC892E830D0BC3654F9"
"buildkit_plugin"	"Source/DiscGolfCharacterFramework/Private/DiscGolfShotReplayComponent.cpp"	"3277"	"01A414F842B63E30F31F4BA0C76154D104002963CD441E3303E53EDC7C503213"
"buildkit_plugin"	"Source/DiscGolfCharacterFramework/Private/DiscGolfShotTracerComponent.cpp"	"2449"	"9D983B53890769BDE109BE925D196D9A17B32F153D7ECFA1FD6AA00E94F23C75"
"buildkit_plugin"	"Source/DiscGolfCharacterFramework/Private/DiscGolfTelemetryComponent.cpp"	"5331"	"E5E3746E2657AC8A1FDB2BFBDE86B2224324BB737A5FF38C46D0762C672FC273"
"buildkit_plugin"	"Source/DiscGolfCharacterFramework/Private/DiscGolfThrowComponent.cpp"	"4075"	"FA4F543336FA02723BCD49BD9EDB1F625BAC508BBEE4228DAB399A6AF7265762"
"buildkit_plugin"	"Source/DiscGolfCharacterFramework/Private/DiscGolfUIFlowSubsystem.cpp"	"806"	"F26655E1E1D07E25D21B95F8A1E48475BAD0FCE5B72D44237BED8F1E1CBC21EA"
"buildkit_plugin"	"Source/DiscGolfCharacterFramework/Public/AnimNotify_DiscRelease.h"	"607"	"9117F445D80CB1EE5C4C852C1A05585F7E0109CE6C97A0EC3061027D74501DD6"
"buildkit_plugin"	"Source/DiscGolfCharacterFramework/Public/AnimNotify_ThrowFinished.h"	"615"	"80DCCB16FAF67A4DC92AC7503CF77D3BD14E2B01E803A381FFA974A17F3BC6E9"
"buildkit_plugin"	"Source/DiscGolfCharacterFramework/Public/AnimNotify_ThrowPhase.h"	"724"	"C1031A4EAAB1766F5C66338F5ACCE25048046E6FD51EF5FA643494E189B46DD9"
"buildkit_plugin"	"Source/DiscGolfCharacterFramework/Public/DiscGolfAIGolferProfile.h"	"674"	"AAD375BE969F66C258455293834E818B310888D6C2097CEE6DB59659637C508F"
"buildkit_plugin"	"Source/DiscGolfCharacterFramework/Public/DiscGolfAIShotPlannerComponent.h"	"1101"	"BC205821E07701932F33D622CD00D5ACE85B9AA82982D6FC2A9C37974E3DCB10"
"buildkit_plugin"	"Source/DiscGolfCharacterFramework/Public/DiscGolfAITypes.h"	"3191"	"3F97A9FEC49FB00C46DD53A943E24ECC6B28AB026342E9BC44008469A63EA315"
"buildkit_plugin"	"Source/DiscGolfCharacterFramework/Public/DiscGolfAnimationLibrary.h"	"1305"	"55280A32018840017CFB1282567B4469BEAE8E959523B2EAF7DA63B61E3FD263"
"buildkit_plugin"	"Source/DiscGolfCharacterFramework/Public/DiscGolfAnimInstance.h"	"1087"	"0638B2E29FC393E65460DAE4CFC125CDD20272E817965E47628C030CAF386C12"
"buildkit_plugin"	"Source/DiscGolfCharacterFramework/Public/DiscGolfAppearanceComponent.h"	"1338"	"CAC65E2B1436FF02101EB8E3234861DA7F44A9A6B0F7916D9C6DEDF2BA3BAB64"
"buildkit_plugin"	"Source/DiscGolfCharacterFramework/Public/DiscGolfAudioBridgeComponent.h"	"976"	"6FA0FC4320601FBF37F330AE9C0E9B82D0927DE51E1E50B05AA36E9F1FFCE5DE"
"buildkit_plugin"	"Source/DiscGolfCharacterFramework/Public/DiscGolfAudioTypes.h"	"1658"	"21FE2ADCF44862312B269308F6C4F24357AFF4ADF2CEF08379C028E99068DF0E"
"buildkit_plugin"	"Source/DiscGolfCharacterFramework/Public/DiscGolfAvatarBackendComponent.h"	"2154"	"1BC6C61AF61FD698F0F126DACA6184374237718C768AA89DA8EA96A5CB262018"
"buildkit_plugin"	"Source/DiscGolfCharacterFramework/Public/DiscGolfAvatarBackendProfile.h"	"2133"	"6C922900FC7E2F1DF0D8B10F94A8C0858ABAD09DFDD7D8ACDD719D8AA67C61EB"
"buildkit_plugin"	"Source/DiscGolfCharacterFramework/Public/DiscGolfAvatarBackendTypes.h"	"921"	"6BD2F31BA26273A898497E0F374373AA8238822EBA1AEAAA0B4DCB5E0F94B754"
"buildkit_plugin"	"Source/DiscGolfCharacterFramework/Public/DiscGolfBagComponent.h"	"1966"	"5CAFAE66BD2FEE6C792DE72BCBC51C0441BD60E09799C519487874077DEFC6FE"
"buildkit_plugin"	"Source/DiscGolfCharacterFramework/Public/DiscGolfBrandProfile.h"	"1353"	"971ECB3D861F20A2930E37E178B1C880109CD272D6D4BFFA51BBB6372D8BFD0B"
"buildkit_plugin"	"Source/DiscGolfCharacterFramework/Public/DiscGolfCameraDirectorComponent.h"	"1292"	"E316B36D285FA8B415B4E12CE064F95A736747FF34AB6A9E29E9EC17D024ADD6"
"buildkit_plugin"	"Source/DiscGolfCharacterFramework/Public/DiscGolfCameraTypes.h"	"1357"	"1252F0BB0EDCB2DC9F1618179F315ECA89AD9A5D37C74D707A81351B261F6467"
"buildkit_plugin"	"Source/DiscGolfCharacterFramework/Public/DiscGolfCareerSaveGame.h"	"500"	"52476F9C7AA14B739A45B1FF6A0E6BF5568D6697D157A255ED84D9A55C418A6F"
"buildkit_plugin"	"Source/DiscGolfCharacterFramework/Public/DiscGolfCharacterCustomizationComponent.h"	"2542"	"B0228ADF40072DBE7963A9FADEB4264566AF6348175A6A4EF20875F771A15F24"
"buildkit_plugin"	"Source/DiscGolfCharacterFramework/Public/DiscGolfCharacterFramework.h"	"219"	"F8758E8075FD3BC8020C52BF073692B6A206A855FA83C42F6D2EE299396342FD"
"buildkit_plugin"	"Source/DiscGolfCharacterFramework/Public/DiscGolfCharacterProfile.h"	"1226"	"02AA3E7D605F2F19D8DF9833E5D7D8B0482190E65F93D517FE26C20CF0F4A293"
"buildkit_plugin"	"Source/DiscGolfCharacterFramework/Public/DiscGolfCharacterSaveGame.h"	"535"	"53FEA13875996A542701C9440A2CAE2DD01DBE02A6A6B544F39DA4464B416F45"
"buildkit_plugin"	"Source/DiscGolfCharacterFramework/Public/DiscGolfCharacterTypes.h"	"5089"	"F0DC796045087974B03BBB935BCA6DFD3E1ECEDE811DAFA4E180DB939253711C"
"buildkit_plugin"	"Source/DiscGolfCharacterFramework/Public/DiscGolfCompetitionTypes.h"	"3327"	"EF6096E3689A96B9568AB720D4C49660731C9794D28A17DB16D7727274EB4211"
"buildkit_plugin"	"Source/DiscGolfCharacterFramework/Public/DiscGolfCosmeticCatalog.h"	"686"	"41B0F82AD536476E5D311326798FE9C3F0102D58E49DCA54085852EE40321EF5"
"buildkit_plugin"	"Source/DiscGolfCharacterFramework/Public/DiscGolfCosmeticItem.h"	"1698"	"1FD7AF767F449E215979F9F48CAE4051FC3E938635E2112B5399BE4B65C9FEAA"
"buildkit_plugin"	"Source/DiscGolfCharacterFramework/Public/DiscGolfCourseDefinition.h"	"817"	"822AF087EDC9D5DE26C4DA4DF34C3CBEC53B243B19870444CB8DBD26A486EC56"
"buildkit_plugin"	"Source/DiscGolfCharacterFramework/Public/DiscGolfCourseTypes.h"	"3492"	"97770F6B1C662D33D0FD64ECBBBEEA40334F83BB5CAC7CF64F127795A152FF2B"
"buildkit_plugin"	"Source/DiscGolfCharacterFramework/Public/DiscGolfCourseValidatorLibrary.h"	"687"	"9F355E56E562B14BD2F9F07006C54E05095B21499EBF59A4C9459DB099CF1074"
"buildkit_plugin"	"Source/DiscGolfCharacterFramework/Public/DiscGolfCustomizationTypes.h"	"5214"	"95C46496BA5B6932145D176B6CDD09008947151F84A4345929B9D0B3F7326C85"
"buildkit_plugin"	"Source/DiscGolfCharacterFramework/Public/DiscGolfDiscCatalog.h"	"860"	"0DE0A94E3253681119CEEB53C99D0D2699DA433A3E50242EFACCF4B3A49403F7"
"buildkit_plugin"	"Source/DiscGolfCharacterFramework/Public/DiscGolfDiscDefinition.h"	"1576"	"02103C172C764D1FBE05E57C9D159D7840B101451CD856B2DEAB6C674E352DAB"
"buildkit_plugin"	"Source/DiscGolfCharacterFramework/Public/DiscGolfDiscLibrary.h"	"650"	"2552DBB3820FC3BA9E8921910681CFC619E9E76636535DBD6068FA9783A4A61A"
"buildkit_plugin"	"Source/DiscGolfCharacterFramework/Public/DiscGolfDiscTypes.h"	"5846"	"43F72B35050CB4C1B6816FE7D03EC5CA3ACF4BD39AE83EA233C1E72EC6862626"
"buildkit_plugin"	"Source/DiscGolfCharacterFramework/Public/DiscGolfEnvironmentBridgeComponent.h"	"925"	"09C79E01A8D7E83B476DCC6653C38AD841225897BC41ED6BCFE128F91962885C"
"buildkit_plugin"	"Source/DiscGolfCharacterFramework/Public/DiscGolfEnvironmentTypes.h"	"918"	"8270092C812D3BDAC5616F088199EF52D34EB066DFA1B3B95C2873FF2BC2B442"
"buildkit_plugin"	"Source/DiscGolfCharacterFramework/Public/DiscGolfFlightRegressionSuite.h"	"2525"	"0F20A1BB5A9BDC6E2D507A36A77229D586B6833EF1E12C688D302946E3D623AC"
"buildkit_plugin"	"Source/DiscGolfCharacterFramework/Public/DiscGolfOutfitCatalog.h"	"702"	"B899D6381A50B0710D44CF29B39250364B00EF5355FF491B124B554CC5563E83"
"buildkit_plugin"	"Source/DiscGolfCharacterFramework/Public/DiscGolfOutfitComponent.h"	"3065"	"8FC8E2D51E8185B5A670E3D75DA25225748FA7410C2568B5CB554774D98F1715"
"buildkit_plugin"	"Source/DiscGolfCharacterFramework/Public/DiscGolfOutfitItem.h"	"2628"	"C34223133632E38862389D5CD202D905C165E1658C14024C1DCFD011795690C6"
"buildkit_plugin"	"Source/DiscGolfCharacterFramework/Public/DiscGolfOutfitTypes.h"	"1904"	"470D132D20BDCC671C94E45DD14402EF9CB635E0910997630685CEB6032F8441"
"buildkit_plugin"	"Source/DiscGolfCharacterFramework/Public/DiscGolfPlasticDefinition.h"	"1016"	"73A17927FBAB6670A227C06496D158A5A348C38DDFBBE035C266979CC56D44E9"
"buildkit_plugin"	"Source/DiscGolfCharacterFramework/Public/DiscGolfPlayabilityLibrary.h"	"890"	"C420852E55957EC7CC1913C10F8DCD7D8815C7D32DCDA409D0C9C2DC60D7BBB4"
"buildkit_plugin"	"Source/DiscGolfCharacterFramework/Public/DiscGolfPlayabilityMonitorComponent.h"	"1749"	"612B92CAD77C2185228C62C2733BBEE8CA8E5F75144C76E54D100910F48F58E1"
"buildkit_plugin"	"Source/DiscGolfCharacterFramework/Public/DiscGolfPlayabilityTypes.h"	"3357"	"77A5471CB7ED6890789F000E213A9E74F9BD1C4B45F76A92C3A8EE7DCB7D2856"
"buildkit_plugin"	"Source/DiscGolfCharacterFramework/Public/DiscGolfPlayerProfileSaveGame.h"	"966"	"EB84A3BDDAB90C4083852F585465F72E5E3EB2BD5A5BDD800625624A0F4B2811"
"buildkit_plugin"	"Source/DiscGolfCharacterFramework/Public/DiscGolfReplayBridgeComponent.h"	"1438"	"EDB22D35A9546A30FB919438405BB01714FB858CCE8FC7B7F1945CF015ECD8B5"
"buildkit_plugin"	"Source/DiscGolfCharacterFramework/Public/DiscGolfScoringLibrary.h"	"702"	"EA9BF8F888C36F3068BA1059021077719E5116672D870755B40315B8BE6757DE"
"buildkit_plugin"	"Source/DiscGolfCharacterFramework/Public/DiscGolfSettingsSubsystem.h"	"1061"	"8CEDB617F3846EB4272028FECC5C7C4033823C24D885B152113DCFCCDA07A3DE"
"buildkit_plugin"	"Source/DiscGolfCharacterFramework/Public/DiscGolfSettingsTypes.h"	"4538"	"A8C28B1CB418D3D8FD4AB0E9353900E86B3F7296828E21869E71420047AD2344"
"buildkit_plugin"	"Source/DiscGolfCharacterFramework/Public/DiscGolfShotReplayComponent.h"	"1745"	"8E0A6DD5F10D5F9E06F6CFC967D61785DD9DA0206A7D787F3E2426217C5C3465"
"buildkit_plugin"	"Source/DiscGolfCharacterFramework/Public/DiscGolfShotTracerComponent.h"	"2131"	"4100778E933D627046061E74E1A430FBD71ACC3C8D313FF51E12CECDDE50EEC9"
"buildkit_plugin"	"Source/DiscGolfCharacterFramework/Public/DiscGolfTelemetryComponent.h"	"2849"	"3C67772DD0F9B808A17A0245B954B9B02D25C54D8EFE4343177236BA7004B02F"
"buildkit_plugin"	"Source/DiscGolfCharacterFramework/Public/DiscGolfTelemetryTypes.h"	"5005"	"BF5580D0EA00F8165088315D64272E85BD7516C143B45EB8B78F052BD932C1F2"
"buildkit_plugin"	"Source/DiscGolfCharacterFramework/Public/DiscGolfThrowComponent.h"	"2375"	"749D1120FF0CCDF5516B13743DDAEB1FE92EC2DEC876E5AD02E6CECE24210C18"
"buildkit_plugin"	"Source/DiscGolfCharacterFramework/Public/DiscGolfThrowLabSaveGame.h"	"525"	"153849B2BC9A97FFD25AB0CF4A6BC8DB237C5C58BE1D7592102A82A1BCCF6CCC"
"buildkit_plugin"	"Source/DiscGolfCharacterFramework/Public/DiscGolfTournamentDefinition.h"	"997"	"B1EDCF0B976BB8A2796285CC1A6361D06CD89BB08E7B44E94B62D98B7D9EF0FA"
"buildkit_plugin"	"Source/DiscGolfCharacterFramework/Public/DiscGolfUIFlowSubsystem.h"	"950"	"9CA7890B7D17BD3253AF5622F07076946EC0E782A7B36E182881AAE703E7E3E9"
"buildkit_plugin"	"Source/DiscGolfCharacterFramework/Public/DiscGolfUserSettingsSaveGame.h"	"518"	"432405F159B0B79307FFD248E7A2067EE7EEA8651D92E3F53DCD6F088F25223F"
"project_plugin"	"Binaries/Win64/UnrealEditor-DiscGolfCharacterFramework.dll"	"867328"	"E4ABC12103886C817FDB0B70DC8BD4272417825783CD988C929C9D40CAC118B1"
"project_plugin"	"Binaries/Win64/UnrealEditor-DiscGolfCharacterFramework.pdb"	"67555328"	"CBD23FD8C2E8DA13C3366A2A003336AAB4A5085A87EA8398EFDF4014758EE829"
"project_plugin"	"Binaries/Win64/UnrealEditor.modules"	"130"	"A9C4EB01A9CDE18519FE3D4BCE5EBC85CC17270F3BAF5C89BEA00E8F30AE62A0"
"project_plugin"	"Config/DG_CharacterCreatorSchema.json"	"1564"	"D95F2B5F4771A506D1BCB09F83177B696268964531521DEC68413B7124E49C24"
"project_plugin"	"Config/DG_MasterSkeletonContract.json"	"3356"	"E2223DE774CE26900BD482130939EAAB6F813023EBB689447FCB00697C34A7B2"
"project_plugin"	"DiscGolfCharacterFramework.uplugin"	"515"	"B84EFFBFF48572BCFF195F82D9FA33AE21613ACD4E2307CCB2124EC476786E44"
"project_plugin"	"Intermediate/Build/Win64/UnrealEditor/Inc/DiscGolfCharacterFramework/UHT/AnimNotify_DiscRelease.gen.cpp"	"6265"	"03D5F746D9B1A8937BAE562B0935BADEEF497A49FCE05C611A6524CF82089077"
"project_plugin"	"Intermediate/Build/Win64/UnrealEditor/Inc/DiscGolfCharacterFramework/UHT/AnimNotify_DiscRelease.generated.h"	"3490"	"FBD3AFA5F3AC28723044AD72DB01989F8F6F67FCEC010170102F04BD7A087B4A"
"project_plugin"	"Intermediate/Build/Win64/UnrealEditor/Inc/DiscGolfCharacterFramework/UHT/AnimNotify_ThrowFinished.gen.cpp"	"6327"	"0CA0F5DDE573B0B773A396466DCBA9F1F33FC6C54F38F266714A1BF1CA0DE16E"
"project_plugin"	"Intermediate/Build/Win64/UnrealEditor/Inc/DiscGolfCharacterFramework/UHT/AnimNotify_ThrowFinished.generated.h"	"3548"	"A8EA8F6A6D69351C24F454572403BA4E33F6D3A4AE179868E6CDB2177B1B5F93"
"project_plugin"	"Intermediate/Build/Win64/UnrealEditor/Inc/DiscGolfCharacterFramework/UHT/AnimNotify_ThrowPhase.gen.cpp"	"8040"	"A7D1F19148753F78A213B3294827D6BECF60F65CC6849546E82F6BC06BFCB1C6"
"project_plugin"	"Intermediate/Build/Win64/UnrealEditor/Inc/DiscGolfCharacterFramework/UHT/AnimNotify_ThrowPhase.generated.h"	"3461"	"FA7B2978B6BF536797E50563359A29BF8DB2D6D02A247F3032BFF98E061C6E5C"
"project_plugin"	"Intermediate/Build/Win64/UnrealEditor/Inc/DiscGolfCharacterFramework/UHT/DGFrameworkCourseDefinition.gen.cpp"	"10933"	"ADF582CEA1005B497488409B3FA0F90D3B4E0EBABFDD3EE4571AEC5218344682"
"project_plugin"	"Intermediate/Build/Win64/UnrealEditor/Inc/DiscGolfCharacterFramework/UHT/DGFrameworkCourseDefinition.generated.h"	"3590"	"BBD984B53C938606E3A36CBDD600ECF1ABC7F500CA4CA54F00A90A4FA0E6074C"
"project_plugin"	"Intermediate/Build/Win64/UnrealEditor/Inc/DiscGolfCharacterFramework/UHT/DGFrameworkEnvironmentTypes.gen.cpp"	"13244"	"6599B89902B55774320125DE044FAB8691A6ABC9A898154D4464B2F061D318CA"
"project_plugin"	"Intermediate/Build/Win64/UnrealEditor/Inc/DiscGolfCharacterFramework/UHT/DGFrameworkEnvironmentTypes.generated.h"	"2607"	"21E82B05645CA084C0CBBE12F3C4F07800D3D06AC5CE1F73108CC72886DDA1DB"
"project_plugin"	"Intermediate/Build/Win64/UnrealEditor/Inc/DiscGolfCharacterFramework/UHT/DiscGolfAIGolferProfile.gen.cpp"	"10468"	"00D137FF3C1B49FCEA0BAF29C95E1D3CCB0EA749090A9324645FB0252CD3CDEA"
"project_plugin"	"Intermediate/Build/Win64/UnrealEditor/Inc/DiscGolfCharacterFramework/UHT/DiscGolfAIGolferProfile.generated.h"	"3525"	"25CF7233426EE205EDE2CE89D557AFE1D4C889B420856714DA22904A897C1D88"
"project_plugin"	"Intermediate/Build/Win64/UnrealEditor/Inc/DiscGolfCharacterFramework/UHT/DiscGolfAIShotPlannerComponent.gen.cpp"	"23557"	"401CD7BBB181FF06FEBFEB30BBF21A856ED3DF9C56CA0821D9BFB4C23D91FC70"
"project_plugin"	"Intermediate/Build/Win64/UnrealEditor/Inc/DiscGolfCharacterFramework/UHT/DiscGolfAIShotPlannerComponent.generated.h"	"4267"	"F9C9C427A81BA77909EBBC5E1FAD734F046425E1A6DA637D56FD71AC42A1AF41"
"project_plugin"	"Intermediate/Build/Win64/UnrealEditor/Inc/DiscGolfCharacterFramework/UHT/DiscGolfAITypes.gen.cpp"	"31755"	"B01752D64C7EF04FA1496B9AF2011F41857A7D16DFACC7AD2CFB2DC0D7140A1F"
"project_plugin"	"Intermediate/Build/Win64/UnrealEditor/Inc/DiscGolfCharacterFramework/UHT/DiscGolfAITypes.generated.h"	"3266"	"8486DF602920DDE1567F3B368B708619243C576A6471F6C91FC8C0ADE10A327F"
"project_plugin"	"Intermediate/Build/Win64/UnrealEditor/Inc/DiscGolfCharacterFramework/UHT/DiscGolfAnimationLibrary.gen.cpp"	"17701"	"9A14B22942BB5146A6A08B8C8E6D27B834AB2D5A88F7A4D8FC2B00A3C9F44151"
"project_plugin"	"Intermediate/Build/Win64/UnrealEditor/Inc/DiscGolfCharacterFramework/UHT/DiscGolfAnimationLibrary.generated.h"	"4343"	"050EB7108D25639D8B974D81C6FC598F70A68BC2721BC45FBFABD1F9F3671089"
"project_plugin"	"Intermediate/Build/Win64/UnrealEditor/Inc/DiscGolfCharacterFramework/UHT/DiscGolfAnimInstance.gen.cpp"	"14133"	"554536D7DF8CEAB64A447BDD8AA62D6B283FC6E4D9DB0E19F5C716FD6958EC5D"
"project_plugin"	"Intermediate/Build/Win64/UnrealEditor/Inc/DiscGolfCharacterFramework/UHT/DiscGolfAnimInstance.generated.h"	"3452"	"5F7B2ABC42B2581471254B3D7204E970CA876C5F5C140447F65AF1375E59D4EE"
"project_plugin"	"Intermediate/Build/Win64/UnrealEditor/Inc/DiscGolfCharacterFramework/UHT/DiscGolfAppearanceComponent.gen.cpp"	"16005"	"99739FC5B7BB8D1C6847D3F1228EA760ECB93B808BF36DCD074025522E6E9209"
"project_plugin"	"Intermediate/Build/Win64/UnrealEditor/Inc/DiscGolfCharacterFramework/UHT/DiscGolfAppearanceComponent.generated.h"	"3842"	"C84AC32E391186B9467A937F3F46023B83DDE469FC7A59F6879CF3E7FD052244"
"project_plugin"	"Intermediate/Build/Win64/UnrealEditor/Inc/DiscGolfCharacterFramework/UHT/DiscGolfAudioBridgeComponent.gen.cpp"	"17543"	"559D3AE7DE2020932FDCA5EED5E12397788942A70F746C5FCFDB8C47333107A1"
"project_plugin"	"Intermediate/Build/Win64/UnrealEditor/Inc/DiscGolfCharacterFramework/UHT/DiscGolfAudioBridgeComponent.generated.h"	"4132"	"2037185F46A24E7A90635B4D45DC29885BC1CA551BB0BE3F8E326D5447203AED"
"project_plugin"	"Intermediate/Build/Win64/UnrealEditor/Inc/DiscGolfCharacterFramework/UHT/DiscGolfAudioTypes.gen.cpp"	"22317"	"5BA4A3D72FB47AA037373CEFECE0DD8CC30AD54A860EAA80984D7D7C0991A9F0"
"project_plugin"	"Intermediate/Build/Win64/UnrealEditor/Inc/DiscGolfCharacterFramework/UHT/DiscGolfAudioTypes.generated.h"	"3381"	"BE4BB1DDE0D6E46896C7DE3E2F4296C8858B4DD88C200B87093D00CEA70F5E92"
"project_plugin"	"Intermediate/Build/Win64/UnrealEditor/Inc/DiscGolfCharacterFramework/UHT/DiscGolfAvatarBackendComponent.gen.cpp"	"62316"	"D3043474E61718F687988218681247D0E742B2917DE05B4E83209AE2A9C18F58"
"project_plugin"	"Intermediate/Build/Win64/UnrealEditor/Inc/DiscGolfCharacterFramework/UHT/DiscGolfAvatarBackendComponent.generated.h"	"4781"	"304A8E5F6BCB3190165B11E0FB512711E131CD65A36B38C19E6C03846A88BB4D"
"project_plugin"	"Intermediate/Build/Win64/UnrealEditor/Inc/DiscGolfCharacterFramework/UHT/DiscGolfAvatarBackendProfile.gen.cpp"	"18448"	"7AE0F8B031CF44DD6B5200E2F9F87EF15572255A2F11B56A535628E9FEE5B406"
"project_plugin"	"Intermediate/Build/Win64/UnrealEditor/Inc/DiscGolfCharacterFramework/UHT/DiscGolfAvatarBackendProfile.generated.h"	"3671"	"614C14B2BCDCFB5ED791DA379BD2FECA7706FCC9E4EB97A716A4B88EC5676D8D"
"project_plugin"	"Intermediate/Build/Win64/UnrealEditor/Inc/DiscGolfCharacterFramework/UHT/DiscGolfAvatarBackendTypes.gen.cpp"	"15235"	"D9A4E1D62AFA15765C95A483F228CA2C6042A196334D407CD194B725D20490B2"
"project_plugin"	"Intermediate/Build/Win64/UnrealEditor/Inc/DiscGolfCharacterFramework/UHT/DiscGolfAvatarBackendTypes.generated.h"	"3040"	"395FD96F63262ED305219D474162590C40D28DB78374F54A16EBCC81ACB7CC32"
"project_plugin"	"Intermediate/Build/Win64/UnrealEditor/Inc/DiscGolfCharacterFramework/UHT/DiscGolfBagComponent.gen.cpp"	"49271"	"F6B837E5367C25521B9F79CCAA66C54A2606510DFE6A90799F0797D8DE979234"
"project_plugin"	"Intermediate/Build/Win64/UnrealEditor/Inc/DiscGolfCharacterFramework/UHT/DiscGolfBagComponent.generated.h"	"3930"	"9FB95EB20C1E79556282AA42EAC6029351EB3B45DA433A00B511B59C429C540B"
"project_plugin"	"Intermediate/Build/Win64/UnrealEditor/Inc/DiscGolfCharacterFramework/UHT/DiscGolfBrandProfile.gen.cpp"	"13610"	"41B07FB3DB6E9D9999053E2732E6623B2B9AED1D961954978B4C8FD55D7DAC5D"
"project_plugin"	"Intermediate/Build/Win64/UnrealEditor/Inc/DiscGolfCharacterFramework/UHT/DiscGolfBrandProfile.generated.h"	"3438"	"EF151C87D76A25191CDB84104FA384F30F0656934C44720D3330A12026180356"
"project_plugin"	"Intermediate/Build/Win64/UnrealEditor/Inc/DiscGolfCharacterFramework/UHT/DiscGolfCameraDirectorComponent.gen.cpp"	"25473"	"F9D2593A865173C533A43CD9DD5376C2E37AE77E0AAA6DAD68EB97207EBFE796"
"project_plugin"	"Intermediate/Build/Win64/UnrealEditor/Inc/DiscGolfCharacterFramework/UHT/DiscGolfCameraDirectorComponent.generated.h"	"4319"	"A5967CC16619746B4E7E1CD72C8D77D2F6548F9BDB23F1233DC95C8BCC1C0D30"
"project_plugin"	"Intermediate/Build/Win64/UnrealEditor/Inc/DiscGolfCharacterFramework/UHT/DiscGolfCameraTypes.gen.cpp"	"19285"	"E25896B6E7F69E45639BA560F16580ACD94009EB67FA66924A5D3DFD358D088D"
"project_plugin"	"Intermediate/Build/Win64/UnrealEditor/Inc/DiscGolfCharacterFramework/UHT/DiscGolfCameraTypes.generated.h"	"3054"	"E656F84162539CF932C467464AB384BE76A63CE99DF07586603D7D312C47CD36"
"project_plugin"	"Intermediate/Build/Win64/UnrealEditor/Inc/DiscGolfCharacterFramework/UHT/DiscGolfCareerSaveGame.gen.cpp"	"8318"	"489638C35D5523E07E47FE0E46D0EF8249663FB17B0587B3DDB82A30A3D5068E"
"project_plugin"	"Intermediate/Build/Win64/UnrealEditor/Inc/DiscGolfCharacterFramework/UHT/DiscGolfCareerSaveGame.generated.h"	"3488"	"8A72BA9FB7EFA808CC8BAB376E369DAB8C149C5787054BDCD7C9994D634D93BB"
"project_plugin"	"Intermediate/Build/Win64/UnrealEditor/Inc/DiscGolfCharacterFramework/UHT/DiscGolfCharacterCustomizationComponent.gen.cpp"	"37218"	"6ECD63971FE08607F254604D380229146DF4442CC79ED1B8C8AF29A79325DA49"
"project_plugin"	"Intermediate/Build/Win64/UnrealEditor/Inc/DiscGolfCharacterFramework/UHT/DiscGolfCharacterCustomizationComponent.generated.h"	"4424"	"5BA729D23F7298793DC7AC73032BAFA2A9DBAA79C11BD60D28F47DB0D3DE4AC2"
"project_plugin"	"Intermediate/Build/Win64/UnrealEditor/Inc/DiscGolfCharacterFramework/UHT/DiscGolfCharacterFramework.init.gen.cpp"	"6747"	"2808013AF9182237B386AEE62E8DC5D8CD309CF80612BA007CE4CC761BEC8387"
"project_plugin"	"Intermediate/Build/Win64/UnrealEditor/Inc/DiscGolfCharacterFramework/UHT/DiscGolfCharacterFrameworkClasses.h"	"353"	"1270D67F056D111136D87FED9076CB3F77DF8B680FE4464C38514E021940C54E"
"project_plugin"	"Intermediate/Build/Win64/UnrealEditor/Inc/DiscGolfCharacterFramework/UHT/DiscGolfCharacterProfile.gen.cpp"	"19602"	"B04629D1A3E7C2D3A45AAE982D73B6B3F949393AB5589C4358F8915EB699C233"
"project_plugin"	"Intermediate/Build/Win64/UnrealEditor/Inc/DiscGolfCharacterFramework/UHT/DiscGolfCharacterProfile.generated.h"	"3739"	"363853B0EA2240C59020AA0C0A3C8EB78EA3016F4FCA32AFC632FA32CA1EC045"
"project_plugin"	"Intermediate/Build/Win64/UnrealEditor/Inc/DiscGolfCharacterFramework/UHT/DiscGolfCharacterSaveGame.gen.cpp"	"7928"	"1BB58A7470521F5B7A68C9C303CD6061D80957C3C276DC0102783859855FABFD"
"project_plugin"	"Intermediate/Build/Win64/UnrealEditor/Inc/DiscGolfCharacterFramework/UHT/DiscGolfCharacterSaveGame.generated.h"	"3576"	"F25563CC439DA78E09053F4CFB980DD1EB7D0A25A7384BEEF49FF2ED4150339B"
"project_plugin"	"Intermediate/Build/Win64/UnrealEditor/Inc/DiscGolfCharacterFramework/UHT/DiscGolfCharacterTypes.gen.cpp"	"54371"	"47A60A88E13C5498F8B7644C8ABEAB6EA2BFF7125A879DFA574FECA9E385FEB7"
"project_plugin"	"Intermediate/Build/Win64/UnrealEditor/Inc/DiscGolfCharacterFramework/UHT/DiscGolfCharacterTypes.generated.h"	"6652"	"D37110EAD945D4B31C2E668A255F1CFED00BEACD9DAAD624D12BF9BBCF7C7922"
"project_plugin"	"Intermediate/Build/Win64/UnrealEditor/Inc/DiscGolfCharacterFramework/UHT/DiscGolfCompetitionTypes.gen.cpp"	"42960"	"27A07C42E48A081F5AD05031859D1B8BD587A8AC3735913B439393DC8A8339BA"
"project_plugin"	"Intermediate/Build/Win64/UnrealEditor/Inc/DiscGolfCharacterFramework/UHT/DiscGolfCompetitionTypes.generated.h"	"5611"	"B070CC5ABFADA419CF0EB24ED31FF1BCD45D8117DA7B92F177986600849B1132"
"project_plugin"	"Intermediate/Build/Win64/UnrealEditor/Inc/DiscGolfCharacterFramework/UHT/DiscGolfCosmeticCatalog.gen.cpp"	"17105"	"08595C30981115D479FE2D26D2FEB3ABDF1A86AA49E500F8C49AEB8352AE88B9"
"project_plugin"	"Intermediate/Build/Win64/UnrealEditor/Inc/DiscGolfCharacterFramework/UHT/DiscGolfCosmeticCatalog.generated.h"	"3968"	"9B7D356C6B5179F4DFA331A3C4BB36F5545CE786BD25016A40277E298EEF1D90"
"project_plugin"	"Intermediate/Build/Win64/UnrealEditor/Inc/DiscGolfCharacterFramework/UHT/DiscGolfCosmeticItem.gen.cpp"	"18684"	"D3F0CA54F356C5A5AFE3AB9268F6829E1BCDC96A33ABA029C03D98C33A35CE08"
"project_plugin"	"Intermediate/Build/Win64/UnrealEditor/Inc/DiscGolfCharacterFramework/UHT/DiscGolfCosmeticItem.generated.h"	"4177"	"9A754A54435084037A39498E1159DE72922AFBB523E0B40B47E15F722E94BF94"
"project_plugin"	"Intermediate/Build/Win64/UnrealEditor/Inc/DiscGolfCharacterFramework/UHT/DiscGolfCourseTypes.gen.cpp"	"45509"	"0BDBD260872269BFD0D3351E453D4A19975A1C963E238A2DC4ABF9231B42C8DD"
"project_plugin"	"Intermediate/Build/Win64/UnrealEditor/Inc/DiscGolfCharacterFramework/UHT/DiscGolfCourseTypes.generated.h"	"5604"	"37D2350EE9896C5C8E2114A75BD844149BA8D9181D875A89C85EBEA3A6F9A336"
"project_plugin"	"Intermediate/Build/Win64/UnrealEditor/Inc/DiscGolfCharacterFramework/UHT/DiscGolfCourseValidatorLibrary.gen.cpp"	"16807"	"6D367F237D88A0B578A65F803C10A79B21E1F58ACE8AC061C9D2A66E69BC21DF"
"project_plugin"	"Intermediate/Build/Win64/UnrealEditor/Inc/DiscGolfCharacterFramework/UHT/DiscGolfCourseValidatorLibrary.generated.h"	"4201"	"F240CA232133806A9BAB419A014910BBBC89B7A235C887FBFA0BE5244CF76830"
"project_plugin"	"Intermediate/Build/Win64/UnrealEditor/Inc/DiscGolfCharacterFramework/UHT/DiscGolfCustomizationTypes.gen.cpp"	"52327"	"D2C368D922496342EE96AAEFEDD0F7BFDBEDA01BEF6A6381E225BCB8C4EF63C7"
"project_plugin"	"Intermediate/Build/Win64/UnrealEditor/Inc/DiscGolfCharacterFramework/UHT/DiscGolfCustomizationTypes.generated.h"	"5691"	"66169F2D062C1F0983BE232CABA6FAB6F5AE947BF1BC5915D1A10A24D615F874"
"project_plugin"	"Intermediate/Build/Win64/UnrealEditor/Inc/DiscGolfCharacterFramework/UHT/DiscGolfDiscCatalog.gen.cpp"	"17440"	"00C629D2E36731E2315E8988D644C4A2890AC8E698B33807B807184F77983B48"
"project_plugin"	"Intermediate/Build/Win64/UnrealEditor/Inc/DiscGolfCharacterFramework/UHT/DiscGolfDiscCatalog.generated.h"	"3855"	"829350BC07CF8F61895457F56EDE0481CAA2F7BE52A2AC2C620821B4C3638562"
"project_plugin"	"Intermediate/Build/Win64/UnrealEditor/Inc/DiscGolfCharacterFramework/UHT/DiscGolfDiscDefinition.gen.cpp"	"16880"	"D95279AB87F6763F6864AF1EABF0265B0B7BF4CFB073B56552D664BC1AB2E34B"
"project_plugin"	"Intermediate/Build/Win64/UnrealEditor/Inc/DiscGolfCharacterFramework/UHT/DiscGolfDiscDefinition.generated.h"	"3497"	"30798B7BF129B2EEEE2BD3DEFABF54B410E875BCC6732A99A7364D5CB5B36C6E"
"project_plugin"	"Intermediate/Build/Win64/UnrealEditor/Inc/DiscGolfCharacterFramework/UHT/DiscGolfDiscLibrary.gen.cpp"	"16971"	"DDCCBD1BF67933F99FED9E5E35D3822F5733150D4C7563320FBAF3EEF3E553E9"
"project_plugin"	"Intermediate/Build/Win64/UnrealEditor/Inc/DiscGolfCharacterFramework/UHT/DiscGolfDiscLibrary.generated.h"	"3894"	"1C855830268A27C0803E70145118F9780E1351C7CBC1BA5C8296A2E0F6A508DD"
"project_plugin"	"Intermediate/Build/Win64/UnrealEditor/Inc/DiscGolfCharacterFramework/UHT/DiscGolfDiscTypes.gen.cpp"	"58763"	"67337FA645128E6E8E108A8D2E6BD76BAB3DA275D518A225D9081F3787B96261"
"project_plugin"	"Intermediate/Build/Win64/UnrealEditor/Inc/DiscGolfCharacterFramework/UHT/DiscGolfDiscTypes.generated.h"	"6820"	"9D51185FA022F05CE0F6807112BDD4ECA642D266777AABA7E78D5317AF82D6E8"
"project_plugin"	"Intermediate/Build/Win64/UnrealEditor/Inc/DiscGolfCharacterFramework/UHT/DiscGolfEnvironmentBridgeComponent.gen.cpp"	"16425"	"690B1C9A4FCE9FB9F376B3E4B002AF2B2F17307B4536390C38B9FAD151BB38BC"
"project_plugin"	"Intermediate/Build/Win64/UnrealEditor/Inc/DiscGolfCharacterFramework/UHT/DiscGolfEnvironmentBridgeComponent.generated.h"	"4336"	"C17DFC0918B14B7A70481839878EC7BD0353537E4642BAB088E16DA790E9048D"
"project_plugin"	"Intermediate/Build/Win64/UnrealEditor/Inc/DiscGolfCharacterFramework/UHT/DiscGolfFlightRegressionSuite.gen.cpp"	"29413"	"9B19E97FB736970060085723D5DAC490119045B31F2D41539727D836B6FBFC9A"
"project_plugin"	"Intermediate/Build/Win64/UnrealEditor/Inc/DiscGolfCharacterFramework/UHT/DiscGolfFlightRegressionSuite.generated.h"	"5251"	"58D0E64130BDD0A2D8F1DBBC18C009069ED543F098E3B0C8D43E0B4FDCDAE2D4"
"project_plugin"	"Intermediate/Build/Win64/UnrealEditor/Inc/DiscGolfCharacterFramework/UHT/DiscGolfOutfitCatalog.gen.cpp"	"17087"	"80E2A581F540234370B5BA064D8FF442EC4CF4B17EC36AE7ACBB1D311A577BC6"
"project_plugin"	"Intermediate/Build/Win64/UnrealEditor/Inc/DiscGolfCharacterFramework/UHT/DiscGolfOutfitCatalog.generated.h"	"3913"	"DF28086B8FAF778A4C1E1B7AB9C1086073C97728703725D17291DEF9CA419BF8"
"project_plugin"	"Intermediate/Build/Win64/UnrealEditor/Inc/DiscGolfCharacterFramework/UHT/DiscGolfOutfitComponent.gen.cpp"	"53399"	"56099C02E87D0E416DECE19FF5D3F32896B05BEA27D4E4F214AEE92112E8F1B3"
"project_plugin"	"Intermediate/Build/Win64/UnrealEditor/Inc/DiscGolfCharacterFramework/UHT/DiscGolfOutfitComponent.generated.h"	"4020"	"B9847C12A8E6CC067F94C611CD1FA79F4CBE8D52AFB94B6FF5E6490D98E6EB9E"
"project_plugin"	"Intermediate/Build/Win64/UnrealEditor/Inc/DiscGolfCharacterFramework/UHT/DiscGolfOutfitItem.gen.cpp"	"31535"	"8FD7DF2DFF9AFCE1608F38862C34F9C7BFE05C1F58E5DD32918227C7E97766E3"
"project_plugin"	"Intermediate/Build/Win64/UnrealEditor/Inc/DiscGolfCharacterFramework/UHT/DiscGolfOutfitItem.generated.h"	"3781"	"107CC294F725B04F47C66C5521ADA8771460C7CDCCA49D0102DFF2477FEDBDFC"
"project_plugin"	"Intermediate/Build/Win64/UnrealEditor/Inc/DiscGolfCharacterFramework/UHT/DiscGolfOutfitTypes.gen.cpp"	"30519"	"2EAA4D6A9F9EF72B0DFA17957F79A5358A0435B2CDD9DD8F60248A1ED4C06F38"
"project_plugin"	"Intermediate/Build/Win64/UnrealEditor/Inc/DiscGolfCharacterFramework/UHT/DiscGolfOutfitTypes.generated.h"	"4915"	"BBC4C4907986210FFCBDD04AD3C8332160A3DF2CA97C3699726358FA1BD604EF"
"project_plugin"	"Intermediate/Build/Win64/UnrealEditor/Inc/DiscGolfCharacterFramework/UHT/DiscGolfPlasticDefinition.gen.cpp"	"12280"	"28D2770B4452356BDCAA3E92EA89955F07DB03AD791857C726879074513DD972"
"project_plugin"	"Intermediate/Build/Win64/UnrealEditor/Inc/DiscGolfCharacterFramework/UHT/DiscGolfPlasticDefinition.generated.h"	"3583"	"AD1D8D5162A2CA9E166A97CE9584897D7A30BBCF639342A82E62D67322C31EC0"
"project_plugin"	"Intermediate/Build/Win64/UnrealEditor/Inc/DiscGolfCharacterFramework/UHT/DiscGolfPlayabilityLibrary.gen.cpp"	"23104"	"C420264278451BBF806A83BF446A1FD829D424B7484EF99353816F5F130D027B"
"project_plugin"	"Intermediate/Build/Win64/UnrealEditor/Inc/DiscGolfCharacterFramework/UHT/DiscGolfPlayabilityLibrary.generated.h"	"4184"	"47BA84132EA7CE3FFDD1B3E3FE395CACE77C2BADDA5A17C5366F954BADF49598"
"project_plugin"	"Intermediate/Build/Win64/UnrealEditor/Inc/DiscGolfCharacterFramework/UHT/DiscGolfPlayabilityMonitorComponent.gen.cpp"	"50500"	"7534ABC6D97BF6454E14B897A64A775E960CC6375A62425514CD56A1338ACAE9"
"project_plugin"	"Intermediate/Build/Win64/UnrealEditor/Inc/DiscGolfCharacterFramework/UHT/DiscGolfPlayabilityMonitorComponent.generated.h"	"4489"	"7EBC1941AA9BCAEC5FD4A3FB14E43D43FA4837AF1489ABA1E92D2E96DB61C452"
"project_plugin"	"Intermediate/Build/Win64/UnrealEditor/Inc/DiscGolfCharacterFramework/UHT/DiscGolfPlayabilityTypes.gen.cpp"	"41525"	"AC444F8795739D28F744D0F9C1BED6F671309DC898FE58D696BB64F5A7ACAA41"
"project_plugin"	"Intermediate/Build/Win64/UnrealEditor/Inc/DiscGolfCharacterFramework/UHT/DiscGolfPlayabilityTypes.generated.h"	"6893"	"ED1425DC56D508F1723C8247098C17FC44F601DC926E473825E8F402ACE70879"
"project_plugin"	"Intermediate/Build/Win64/UnrealEditor/Inc/DiscGolfCharacterFramework/UHT/DiscGolfPlayerProfileSaveGame.gen.cpp"	"11364"	"186DD4B05A0EF95725A7DF3F7CB2F06D2F972648D5E02CEDDA6BDC38D355F67E"
"project_plugin"	"Intermediate/Build/Win64/UnrealEditor/Inc/DiscGolfCharacterFramework/UHT/DiscGolfPlayerProfileSaveGame.generated.h"	"3692"	"BFF0964AC049B15518794521BCA40E591870A2C320372CAB846A8CCBC2C5EEDA"
"project_plugin"	"Intermediate/Build/Win64/UnrealEditor/Inc/DiscGolfCharacterFramework/UHT/DiscGolfReplayBridgeComponent.gen.cpp"	"29785"	"37F77B7AF4A8BBD447A1A18C6CCDB694342122183F7427A8B4439664043CD891"
"project_plugin"	"Intermediate/Build/Win64/UnrealEditor/Inc/DiscGolfCharacterFramework/UHT/DiscGolfReplayBridgeComponent.generated.h"	"3986"	"35B919ADBAB496D593DB84DA47A44E73F72B0FDD0F891110A69915DA41804932"
"project_plugin"	"Intermediate/Build/Win64/UnrealEditor/Inc/DiscGolfCharacterFramework/UHT/DiscGolfScoringLibrary.gen.cpp"	"19366"	"7032205D6CDDA35E2F83704E8809E5C6CA9F2D260C4FAFFFAB725E7026240262"
"project_plugin"	"Intermediate/Build/Win64/UnrealEditor/Inc/DiscGolfCharacterFramework/UHT/DiscGolfScoringLibrary.generated.h"	"3966"	"17111A8BFCCAE619ECBCD580549C47DA61E407A94A8AA098743F48B5F8A0D2E1"
"project_plugin"	"Intermediate/Build/Win64/UnrealEditor/Inc/DiscGolfCharacterFramework/UHT/DiscGolfSettingsSubsystem.gen.cpp"	"21800"	"8073D8DBB8F187CA58C095350FE4DAC2504A93874C83CEE566A36053D385ACB9"
"project_plugin"	"Intermediate/Build/Win64/UnrealEditor/Inc/DiscGolfCharacterFramework/UHT/DiscGolfSettingsSubsystem.generated.h"	"4297"	"938DC3FB9DC2414D8260CCE1ABDAC628D0F114A911F2E3087DCF83D8333516D5"
"project_plugin"	"Intermediate/Build/Win64/UnrealEditor/Inc/DiscGolfCharacterFramework/UHT/DiscGolfSettingsTypes.gen.cpp"	"53581"	"3BAAED51B242B8C889518F0C7CD218040FF601D186AD218619D77E2B43F21421"
"project_plugin"	"Intermediate/Build/Win64/UnrealEditor/Inc/DiscGolfCharacterFramework/UHT/DiscGolfSettingsTypes.generated.h"	"6396"	"672BB17AAB42320366961A34E8AB21DFB0A2D39BD2813D844E44DC1330E551A5"
"project_plugin"	"Intermediate/Build/Win64/UnrealEditor/Inc/DiscGolfCharacterFramework/UHT/DiscGolfShotReplayComponent.gen.cpp"	"29623"	"2CBE6383DB5E6AD307927F44BDBB68801F12766D78C60372727CBD0AA37BE7C4"
"project_plugin"	"Intermediate/Build/Win64/UnrealEditor/Inc/DiscGolfCharacterFramework/UHT/DiscGolfShotReplayComponent.generated.h"	"3993"	"8BB63ACF11C11879090715FBB579BD0B2710A5FABFB326C6F4DF141662C5EA1A"
"project_plugin"	"Intermediate/Build/Win64/UnrealEditor/Inc/DiscGolfCharacterFramework/UHT/DiscGolfShotTracerComponent.gen.cpp"	"37812"	"5989D87A2DA8173ABDD72192A685E2A8F156C56FE95774C85B0B06A73D7F7E22"
"project_plugin"	"Intermediate/Build/Win64/UnrealEditor/Inc/DiscGolfCharacterFramework/UHT/DiscGolfShotTracerComponent.generated.h"	"4276"	"9E88A1A3AAF74225C26017CEE498E9CA131EBA12D4C5B775CCDE1F0A8F03571A"
"project_plugin"	"Intermediate/Build/Win64/UnrealEditor/Inc/DiscGolfCharacterFramework/UHT/DiscGolfTelemetryComponent.gen.cpp"	"50007"	"48BCD06227AF58F7200FFE62981B0D8017C8CB2EE00A9E8F36CE0075BB221F43"
"project_plugin"	"Intermediate/Build/Win64/UnrealEditor/Inc/DiscGolfCharacterFramework/UHT/DiscGolfTelemetryComponent.generated.h"	"4124"	"8E8E846288D311D684E74B7FC699E6D0E62F53871AA771E1E9FF6EEB90ED4948"
"project_plugin"	"Intermediate/Build/Win64/UnrealEditor/Inc/DiscGolfCharacterFramework/UHT/DiscGolfTelemetryTypes.gen.cpp"	"58871"	"795A54496EFB3F4558BEE1DC3AE724BACB6E752C031668193F434EA363FA9C1F"
"project_plugin"	"Intermediate/Build/Win64/UnrealEditor/Inc/DiscGolfCharacterFramework/UHT/DiscGolfTelemetryTypes.generated.h"	"6460"	"7709F231968778D51D36F9012659F3E14619A713AAF335BC3F3C3D7F700F4FE0"
"project_plugin"	"Intermediate/Build/Win64/UnrealEditor/Inc/DiscGolfCharacterFramework/UHT/DiscGolfThrowComponent.gen.cpp"	"43746"	"4FF016D1620D2C7064ACB831095E7A04D8B69437B6464022FFE548F45BD50291"
"project_plugin"	"Intermediate/Build/Win64/UnrealEditor/Inc/DiscGolfCharacterFramework/UHT/DiscGolfThrowComponent.generated.h"	"4008"	"3096DDBF8FEBFEEF07679D11ED5D71875A86C30871FB17ABEA7880139EBF4122"
"project_plugin"	"Intermediate/Build/Win64/UnrealEditor/Inc/DiscGolfCharacterFramework/UHT/DiscGolfThrowLabSaveGame.gen.cpp"	"8919"	"6F24A9222A0A1E1CC00294F93E16234AD63B8620A1A0C1073C6B2266AFA0A6D1"
"project_plugin"	"Intermediate/Build/Win64/UnrealEditor/Inc/DiscGolfCharacterFramework/UHT/DiscGolfThrowLabSaveGame.generated.h"	"3546"	"2BCD5C1BA9E4513F1CFCB045DB7E327F6B3643AFB136EEA5424DE33E1BD77683"
"project_plugin"	"Intermediate/Build/Win64/UnrealEditor/Inc/DiscGolfCharacterFramework/UHT/DiscGolfTournamentDefinition.gen.cpp"	"13043"	"5A14A6A1B55F84139735B10CCD9ECBA6E61E11C5D67E9A1AFB013440E7B8D907"
"project_plugin"	"Intermediate/Build/Win64/UnrealEditor/Inc/DiscGolfCharacterFramework/UHT/DiscGolfTournamentDefinition.generated.h"	"3670"	"EC0AEC4FCB35D2325BA176B8710EADE6DB9C89951ADF46EB478DB68DAD367D0E"
"project_plugin"	"Intermediate/Build/Win64/UnrealEditor/Inc/DiscGolfCharacterFramework/UHT/DiscGolfUIFlowSubsystem.gen.cpp"	"25778"	"73D470D1FC909FA63DECE09B6C2A68D3701DC631566A173B5AF82CF2822620AD"
"project_plugin"	"Intermediate/Build/Win64/UnrealEditor/Inc/DiscGolfCharacterFramework/UHT/DiscGolfUIFlowSubsystem.generated.h"	"3989"	"C35056EBB75E009336DE7E70DC14EDD807B0FD70DD5E5D357676CE2AA066900D"
"project_plugin"	"Intermediate/Build/Win64/UnrealEditor/Inc/DiscGolfCharacterFramework/UHT/DiscGolfUserSettingsSaveGame.gen.cpp"	"8533"	"7FCEEAAB82490299337BE82623B75911871A06B5EDA11246C99C805547AF6D1C"
"project_plugin"	"Intermediate/Build/Win64/UnrealEditor/Inc/DiscGolfCharacterFramework/UHT/DiscGolfUserSettingsSaveGame.generated.h"	"3662"	"1AA82B00172E8454644A1A24CEFDFE4FE34FBF3A755CF9E7405B60B389AEB58B"
"project_plugin"	"Intermediate/Build/Win64/UnrealGame/Inc/DiscGolfCharacterFramework/UHT/AnimNotify_DiscRelease.gen.cpp"	"6265"	"03D5F746D9B1A8937BAE562B0935BADEEF497A49FCE05C611A6524CF82089077"
"project_plugin"	"Intermediate/Build/Win64/UnrealGame/Inc/DiscGolfCharacterFramework/UHT/AnimNotify_DiscRelease.generated.h"	"3490"	"FBD3AFA5F3AC28723044AD72DB01989F8F6F67FCEC010170102F04BD7A087B4A"
"project_plugin"	"Intermediate/Build/Win64/UnrealGame/Inc/DiscGolfCharacterFramework/UHT/AnimNotify_ThrowFinished.gen.cpp"	"6327"	"0CA0F5DDE573B0B773A396466DCBA9F1F33FC6C54F38F266714A1BF1CA0DE16E"
"project_plugin"	"Intermediate/Build/Win64/UnrealGame/Inc/DiscGolfCharacterFramework/UHT/AnimNotify_ThrowFinished.generated.h"	"3548"	"A8EA8F6A6D69351C24F454572403BA4E33F6D3A4AE179868E6CDB2177B1B5F93"
"project_plugin"	"Intermediate/Build/Win64/UnrealGame/Inc/DiscGolfCharacterFramework/UHT/AnimNotify_ThrowPhase.gen.cpp"	"8040"	"A7D1F19148753F78A213B3294827D6BECF60F65CC6849546E82F6BC06BFCB1C6"
"project_plugin"	"Intermediate/Build/Win64/UnrealGame/Inc/DiscGolfCharacterFramework/UHT/AnimNotify_ThrowPhase.generated.h"	"3461"	"FA7B2978B6BF536797E50563359A29BF8DB2D6D02A247F3032BFF98E061C6E5C"
"project_plugin"	"Intermediate/Build/Win64/UnrealGame/Inc/DiscGolfCharacterFramework/UHT/DGFrameworkCourseDefinition.gen.cpp"	"10933"	"ADF582CEA1005B497488409B3FA0F90D3B4E0EBABFDD3EE4571AEC5218344682"
"project_plugin"	"Intermediate/Build/Win64/UnrealGame/Inc/DiscGolfCharacterFramework/UHT/DGFrameworkCourseDefinition.generated.h"	"3590"	"BBD984B53C938606E3A36CBDD600ECF1ABC7F500CA4CA54F00A90A4FA0E6074C"
"project_plugin"	"Intermediate/Build/Win64/UnrealGame/Inc/DiscGolfCharacterFramework/UHT/DGFrameworkEnvironmentTypes.gen.cpp"	"13244"	"6599B89902B55774320125DE044FAB8691A6ABC9A898154D4464B2F061D318CA"
"project_plugin"	"Intermediate/Build/Win64/UnrealGame/Inc/DiscGolfCharacterFramework/UHT/DGFrameworkEnvironmentTypes.generated.h"	"2607"	"21E82B05645CA084C0CBBE12F3C4F07800D3D06AC5CE1F73108CC72886DDA1DB"
"project_plugin"	"Intermediate/Build/Win64/UnrealGame/Inc/DiscGolfCharacterFramework/UHT/DiscGolfAIGolferProfile.gen.cpp"	"10468"	"00D137FF3C1B49FCEA0BAF29C95E1D3CCB0EA749090A9324645FB0252CD3CDEA"
"project_plugin"	"Intermediate/Build/Win64/UnrealGame/Inc/DiscGolfCharacterFramework/UHT/DiscGolfAIGolferProfile.generated.h"	"3525"	"25CF7233426EE205EDE2CE89D557AFE1D4C889B420856714DA22904A897C1D88"
"project_plugin"	"Intermediate/Build/Win64/UnrealGame/Inc/DiscGolfCharacterFramework/UHT/DiscGolfAIShotPlannerComponent.gen.cpp"	"23557"	"401CD7BBB181FF06FEBFEB30BBF21A856ED3DF9C56CA0821D9BFB4C23D91FC70"
"project_plugin"	"Intermediate/Build/Win64/UnrealGame/Inc/DiscGolfCharacterFramework/UHT/DiscGolfAIShotPlannerComponent.generated.h"	"4267"	"F9C9C427A81BA77909EBBC5E1FAD734F046425E1A6DA637D56FD71AC42A1AF41"
"project_plugin"	"Intermediate/Build/Win64/UnrealGame/Inc/DiscGolfCharacterFramework/UHT/DiscGolfAITypes.gen.cpp"	"31755"	"B01752D64C7EF04FA1496B9AF2011F41857A7D16DFACC7AD2CFB2DC0D7140A1F"
"project_plugin"	"Intermediate/Build/Win64/UnrealGame/Inc/DiscGolfCharacterFramework/UHT/DiscGolfAITypes.generated.h"	"3266"	"8486DF602920DDE1567F3B368B708619243C576A6471F6C91FC8C0ADE10A327F"
"project_plugin"	"Intermediate/Build/Win64/UnrealGame/Inc/DiscGolfCharacterFramework/UHT/DiscGolfAnimationLibrary.gen.cpp"	"17701"	"9A14B22942BB5146A6A08B8C8E6D27B834AB2D5A88F7A4D8FC2B00A3C9F44151"
"project_plugin"	"Intermediate/Build/Win64/UnrealGame/Inc/DiscGolfCharacterFramework/UHT/DiscGolfAnimationLibrary.generated.h"	"4343"	"050EB7108D25639D8B974D81C6FC598F70A68BC2721BC45FBFABD1F9F3671089"
"project_plugin"	"Intermediate/Build/Win64/UnrealGame/Inc/DiscGolfCharacterFramework/UHT/DiscGolfAnimInstance.gen.cpp"	"14133"	"554536D7DF8CEAB64A447BDD8AA62D6B283FC6E4D9DB0E19F5C716FD6958EC5D"
"project_plugin"	"Intermediate/Build/Win64/UnrealGame/Inc/DiscGolfCharacterFramework/UHT/DiscGolfAnimInstance.generated.h"	"3452"	"5F7B2ABC42B2581471254B3D7204E970CA876C5F5C140447F65AF1375E59D4EE"
"project_plugin"	"Intermediate/Build/Win64/UnrealGame/Inc/DiscGolfCharacterFramework/UHT/DiscGolfAppearanceComponent.gen.cpp"	"16005"	"99739FC5B7BB8D1C6847D3F1228EA760ECB93B808BF36DCD074025522E6E9209"
"project_plugin"	"Intermediate/Build/Win64/UnrealGame/Inc/DiscGolfCharacterFramework/UHT/DiscGolfAppearanceComponent.generated.h"	"3842"	"C84AC32E391186B9467A937F3F46023B83DDE469FC7A59F6879CF3E7FD052244"
"project_plugin"	"Intermediate/Build/Win64/UnrealGame/Inc/DiscGolfCharacterFramework/UHT/DiscGolfAudioBridgeComponent.gen.cpp"	"17543"	"559D3AE7DE2020932FDCA5EED5E12397788942A70F746C5FCFDB8C47333107A1"
"project_plugin"	"Intermediate/Build/Win64/UnrealGame/Inc/DiscGolfCharacterFramework/UHT/DiscGolfAudioBridgeComponent.generated.h"	"4132"	"2037185F46A24E7A90635B4D45DC29885BC1CA551BB0BE3F8E326D5447203AED"
"project_plugin"	"Intermediate/Build/Win64/UnrealGame/Inc/DiscGolfCharacterFramework/UHT/DiscGolfAudioTypes.gen.cpp"	"22317"	"5BA4A3D72FB47AA037373CEFECE0DD8CC30AD54A860EAA80984D7D7C0991A9F0"
"project_plugin"	"Intermediate/Build/Win64/UnrealGame/Inc/DiscGolfCharacterFramework/UHT/DiscGolfAudioTypes.generated.h"	"3381"	"BE4BB1DDE0D6E46896C7DE3E2F4296C8858B4DD88C200B87093D00CEA70F5E92"
"project_plugin"	"Intermediate/Build/Win64/UnrealGame/Inc/DiscGolfCharacterFramework/UHT/DiscGolfAvatarBackendComponent.gen.cpp"	"62316"	"D3043474E61718F687988218681247D0E742B2917DE05B4E83209AE2A9C18F58"
"project_plugin"	"Intermediate/Build/Win64/UnrealGame/Inc/DiscGolfCharacterFramework/UHT/DiscGolfAvatarBackendComponent.generated.h"	"4781"	"304A8E5F6BCB3190165B11E0FB512711E131CD65A36B38C19E6C03846A88BB4D"
"project_plugin"	"Intermediate/Build/Win64/UnrealGame/Inc/DiscGolfCharacterFramework/UHT/DiscGolfAvatarBackendProfile.gen.cpp"	"18448"	"7AE0F8B031CF44DD6B5200E2F9F87EF15572255A2F11B56A535628E9FEE5B406"
"project_plugin"	"Intermediate/Build/Win64/UnrealGame/Inc/DiscGolfCharacterFramework/UHT/DiscGolfAvatarBackendProfile.generated.h"	"3671"	"614C14B2BCDCFB5ED791DA379BD2FECA7706FCC9E4EB97A716A4B88EC5676D8D"
"project_plugin"	"Intermediate/Build/Win64/UnrealGame/Inc/DiscGolfCharacterFramework/UHT/DiscGolfAvatarBackendTypes.gen.cpp"	"15235"	"D9A4E1D62AFA15765C95A483F228CA2C6042A196334D407CD194B725D20490B2"
"project_plugin"	"Intermediate/Build/Win64/UnrealGame/Inc/DiscGolfCharacterFramework/UHT/DiscGolfAvatarBackendTypes.generated.h"	"3040"	"395FD96F63262ED305219D474162590C40D28DB78374F54A16EBCC81ACB7CC32"
"project_plugin"	"Intermediate/Build/Win64/UnrealGame/Inc/DiscGolfCharacterFramework/UHT/DiscGolfBagComponent.gen.cpp"	"49271"	"F6B837E5367C25521B9F79CCAA66C54A2606510DFE6A90799F0797D8DE979234"
"project_plugin"	"Intermediate/Build/Win64/UnrealGame/Inc/DiscGolfCharacterFramework/UHT/DiscGolfBagComponent.generated.h"	"3930"	"9FB95EB20C1E79556282AA42EAC6029351EB3B45DA433A00B511B59C429C540B"
"project_plugin"	"Intermediate/Build/Win64/UnrealGame/Inc/DiscGolfCharacterFramework/UHT/DiscGolfBrandProfile.gen.cpp"	"13610"	"41B07FB3DB6E9D9999053E2732E6623B2B9AED1D961954978B4C8FD55D7DAC5D"
"project_plugin"	"Intermediate/Build/Win64/UnrealGame/Inc/DiscGolfCharacterFramework/UHT/DiscGolfBrandProfile.generated.h"	"3438"	"EF151C87D76A25191CDB84104FA384F30F0656934C44720D3330A12026180356"
"project_plugin"	"Intermediate/Build/Win64/UnrealGame/Inc/DiscGolfCharacterFramework/UHT/DiscGolfCameraDirectorComponent.gen.cpp"	"25473"	"F9D2593A865173C533A43CD9DD5376C2E37AE77E0AAA6DAD68EB97207EBFE796"
"project_plugin"	"Intermediate/Build/Win64/UnrealGame/Inc/DiscGolfCharacterFramework/UHT/DiscGolfCameraDirectorComponent.generated.h"	"4319"	"A5967CC16619746B4E7E1CD72C8D77D2F6548F9BDB23F1233DC95C8BCC1C0D30"
"project_plugin"	"Intermediate/Build/Win64/UnrealGame/Inc/DiscGolfCharacterFramework/UHT/DiscGolfCameraTypes.gen.cpp"	"19285"	"E25896B6E7F69E45639BA560F16580ACD94009EB67FA66924A5D3DFD358D088D"
"project_plugin"	"Intermediate/Build/Win64/UnrealGame/Inc/DiscGolfCharacterFramework/UHT/DiscGolfCameraTypes.generated.h"	"3054"	"E656F84162539CF932C467464AB384BE76A63CE99DF07586603D7D312C47CD36"
"project_plugin"	"Intermediate/Build/Win64/UnrealGame/Inc/DiscGolfCharacterFramework/UHT/DiscGolfCareerSaveGame.gen.cpp"	"8318"	"489638C35D5523E07E47FE0E46D0EF8249663FB17B0587B3DDB82A30A3D5068E"
"project_plugin"	"Intermediate/Build/Win64/UnrealGame/Inc/DiscGolfCharacterFramework/UHT/DiscGolfCareerSaveGame.generated.h"	"3488"	"8A72BA9FB7EFA808CC8BAB376E369DAB8C149C5787054BDCD7C9994D634D93BB"
"project_plugin"	"Intermediate/Build/Win64/UnrealGame/Inc/DiscGolfCharacterFramework/UHT/DiscGolfCharacterCustomizationComponent.gen.cpp"	"37218"	"6ECD63971FE08607F254604D380229146DF4442CC79ED1B8C8AF29A79325DA49"
"project_plugin"	"Intermediate/Build/Win64/UnrealGame/Inc/DiscGolfCharacterFramework/UHT/DiscGolfCharacterCustomizationComponent.generated.h"	"4424"	"5BA729D23F7298793DC7AC73032BAFA2A9DBAA79C11BD60D28F47DB0D3DE4AC2"
"project_plugin"	"Intermediate/Build/Win64/UnrealGame/Inc/DiscGolfCharacterFramework/UHT/DiscGolfCharacterFramework.init.gen.cpp"	"6747"	"2808013AF9182237B386AEE62E8DC5D8CD309CF80612BA007CE4CC761BEC8387"
"project_plugin"	"Intermediate/Build/Win64/UnrealGame/Inc/DiscGolfCharacterFramework/UHT/DiscGolfCharacterFrameworkClasses.h"	"353"	"1270D67F056D111136D87FED9076CB3F77DF8B680FE4464C38514E021940C54E"
"project_plugin"	"Intermediate/Build/Win64/UnrealGame/Inc/DiscGolfCharacterFramework/UHT/DiscGolfCharacterProfile.gen.cpp"	"19602"	"B04629D1A3E7C2D3A45AAE982D73B6B3F949393AB5589C4358F8915EB699C233"
"project_plugin"	"Intermediate/Build/Win64/UnrealGame/Inc/DiscGolfCharacterFramework/UHT/DiscGolfCharacterProfile.generated.h"	"3739"	"363853B0EA2240C59020AA0C0A3C8EB78EA3016F4FCA32AFC632FA32CA1EC045"
"project_plugin"	"Intermediate/Build/Win64/UnrealGame/Inc/DiscGolfCharacterFramework/UHT/DiscGolfCharacterSaveGame.gen.cpp"	"7928"	"1BB58A7470521F5B7A68C9C303CD6061D80957C3C276DC0102783859855FABFD"
"project_plugin"	"Intermediate/Build/Win64/UnrealGame/Inc/DiscGolfCharacterFramework/UHT/DiscGolfCharacterSaveGame.generated.h"	"3576"	"F25563CC439DA78E09053F4CFB980DD1EB7D0A25A7384BEEF49FF2ED4150339B"
"project_plugin"	"Intermediate/Build/Win64/UnrealGame/Inc/DiscGolfCharacterFramework/UHT/DiscGolfCharacterTypes.gen.cpp"	"54371"	"47A60A88E13C5498F8B7644C8ABEAB6EA2BFF7125A879DFA574FECA9E385FEB7"
"project_plugin"	"Intermediate/Build/Win64/UnrealGame/Inc/DiscGolfCharacterFramework/UHT/DiscGolfCharacterTypes.generated.h"	"6652"	"D37110EAD945D4B31C2E668A255F1CFED00BEACD9DAAD624D12BF9BBCF7C7922"
"project_plugin"	"Intermediate/Build/Win64/UnrealGame/Inc/DiscGolfCharacterFramework/UHT/DiscGolfCompetitionTypes.gen.cpp"	"42960"	"27A07C42E48A081F5AD05031859D1B8BD587A8AC3735913B439393DC8A8339BA"
"project_plugin"	"Intermediate/Build/Win64/UnrealGame/Inc/DiscGolfCharacterFramework/UHT/DiscGolfCompetitionTypes.generated.h"	"5611"	"B070CC5ABFADA419CF0EB24ED31FF1BCD45D8117DA7B92F177986600849B1132"
"project_plugin"	"Intermediate/Build/Win64/UnrealGame/Inc/DiscGolfCharacterFramework/UHT/DiscGolfCosmeticCatalog.gen.cpp"	"17105"	"08595C30981115D479FE2D26D2FEB3ABDF1A86AA49E500F8C49AEB8352AE88B9"
"project_plugin"	"Intermediate/Build/Win64/UnrealGame/Inc/DiscGolfCharacterFramework/UHT/DiscGolfCosmeticCatalog.generated.h"	"3968"	"9B7D356C6B5179F4DFA331A3C4BB36F5545CE786BD25016A40277E298EEF1D90"
"project_plugin"	"Intermediate/Build/Win64/UnrealGame/Inc/DiscGolfCharacterFramework/UHT/DiscGolfCosmeticItem.gen.cpp"	"18684"	"D3F0CA54F356C5A5AFE3AB9268F6829E1BCDC96A33ABA029C03D98C33A35CE08"
"project_plugin"	"Intermediate/Build/Win64/UnrealGame/Inc/DiscGolfCharacterFramework/UHT/DiscGolfCosmeticItem.generated.h"	"4177"	"9A754A54435084037A39498E1159DE72922AFBB523E0B40B47E15F722E94BF94"
"project_plugin"	"Intermediate/Build/Win64/UnrealGame/Inc/DiscGolfCharacterFramework/UHT/DiscGolfCourseTypes.gen.cpp"	"45509"	"0BDBD260872269BFD0D3351E453D4A19975A1C963E238A2DC4ABF9231B42C8DD"
"project_plugin"	"Intermediate/Build/Win64/UnrealGame/Inc/DiscGolfCharacterFramework/UHT/DiscGolfCourseTypes.generated.h"	"5604"	"37D2350EE9896C5C8E2114A75BD844149BA8D9181D875A89C85EBEA3A6F9A336"
"project_plugin"	"Intermediate/Build/Win64/UnrealGame/Inc/DiscGolfCharacterFramework/UHT/DiscGolfCourseValidatorLibrary.gen.cpp"	"16807"	"6D367F237D88A0B578A65F803C10A79B21E1F58ACE8AC061C9D2A66E69BC21DF"
"project_plugin"	"Intermediate/Build/Win64/UnrealGame/Inc/DiscGolfCharacterFramework/UHT/DiscGolfCourseValidatorLibrary.generated.h"	"4201"	"F240CA232133806A9BAB419A014910BBBC89B7A235C887FBFA0BE5244CF76830"
"project_plugin"	"Intermediate/Build/Win64/UnrealGame/Inc/DiscGolfCharacterFramework/UHT/DiscGolfCustomizationTypes.gen.cpp"	"52327"	"D2C368D922496342EE96AAEFEDD0F7BFDBEDA01BEF6A6381E225BCB8C4EF63C7"
"project_plugin"	"Intermediate/Build/Win64/UnrealGame/Inc/DiscGolfCharacterFramework/UHT/DiscGolfCustomizationTypes.generated.h"	"5691"	"66169F2D062C1F0983BE232CABA6FAB6F5AE947BF1BC5915D1A10A24D615F874"
"project_plugin"	"Intermediate/Build/Win64/UnrealGame/Inc/DiscGolfCharacterFramework/UHT/DiscGolfDiscCatalog.gen.cpp"	"17440"	"00C629D2E36731E2315E8988D644C4A2890AC8E698B33807B807184F77983B48"
"project_plugin"	"Intermediate/Build/Win64/UnrealGame/Inc/DiscGolfCharacterFramework/UHT/DiscGolfDiscCatalog.generated.h"	"3855"	"829350BC07CF8F61895457F56EDE0481CAA2F7BE52A2AC2C620821B4C3638562"
"project_plugin"	"Intermediate/Build/Win64/UnrealGame/Inc/DiscGolfCharacterFramework/UHT/DiscGolfDiscDefinition.gen.cpp"	"16880"	"D95279AB87F6763F6864AF1EABF0265B0B7BF4CFB073B56552D664BC1AB2E34B"
"project_plugin"	"Intermediate/Build/Win64/UnrealGame/Inc/DiscGolfCharacterFramework/UHT/DiscGolfDiscDefinition.generated.h"	"3497"	"30798B7BF129B2EEEE2BD3DEFABF54B410E875BCC6732A99A7364D5CB5B36C6E"
"project_plugin"	"Intermediate/Build/Win64/UnrealGame/Inc/DiscGolfCharacterFramework/UHT/DiscGolfDiscLibrary.gen.cpp"	"16971"	"DDCCBD1BF67933F99FED9E5E35D3822F5733150D4C7563320FBAF3EEF3E553E9"
"project_plugin"	"Intermediate/Build/Win64/UnrealGame/Inc/DiscGolfCharacterFramework/UHT/DiscGolfDiscLibrary.generated.h"	"3894"	"1C855830268A27C0803E70145118F9780E1351C7CBC1BA5C8296A2E0F6A508DD"
"project_plugin"	"Intermediate/Build/Win64/UnrealGame/Inc/DiscGolfCharacterFramework/UHT/DiscGolfDiscTypes.gen.cpp"	"58763"	"67337FA645128E6E8E108A8D2E6BD76BAB3DA275D518A225D9081F3787B96261"
"project_plugin"	"Intermediate/Build/Win64/UnrealGame/Inc/DiscGolfCharacterFramework/UHT/DiscGolfDiscTypes.generated.h"	"6820"	"9D51185FA022F05CE0F6807112BDD4ECA642D266777AABA7E78D5317AF82D6E8"
"project_plugin"	"Intermediate/Build/Win64/UnrealGame/Inc/DiscGolfCharacterFramework/UHT/DiscGolfEnvironmentBridgeComponent.gen.cpp"	"16425"	"690B1C9A4FCE9FB9F376B3E4B002AF2B2F17307B4536390C38B9FAD151BB38BC"
"project_plugin"	"Intermediate/Build/Win64/UnrealGame/Inc/DiscGolfCharacterFramework/UHT/DiscGolfEnvironmentBridgeComponent.generated.h"	"4336"	"C17DFC0918B14B7A70481839878EC7BD0353537E4642BAB088E16DA790E9048D"
"project_plugin"	"Intermediate/Build/Win64/UnrealGame/Inc/DiscGolfCharacterFramework/UHT/DiscGolfFlightRegressionSuite.gen.cpp"	"29413"	"9B19E97FB736970060085723D5DAC490119045B31F2D41539727D836B6FBFC9A"
"project_plugin"	"Intermediate/Build/Win64/UnrealGame/Inc/DiscGolfCharacterFramework/UHT/DiscGolfFlightRegressionSuite.generated.h"	"5251"	"58D0E64130BDD0A2D8F1DBBC18C009069ED543F098E3B0C8D43E0B4FDCDAE2D4"
"project_plugin"	"Intermediate/Build/Win64/UnrealGame/Inc/DiscGolfCharacterFramework/UHT/DiscGolfOutfitCatalog.gen.cpp"	"17087"	"80E2A581F540234370B5BA064D8FF442EC4CF4B17EC36AE7ACBB1D311A577BC6"
"project_plugin"	"Intermediate/Build/Win64/UnrealGame/Inc/DiscGolfCharacterFramework/UHT/DiscGolfOutfitCatalog.generated.h"	"3913"	"DF28086B8FAF778A4C1E1B7AB9C1086073C97728703725D17291DEF9CA419BF8"
"project_plugin"	"Intermediate/Build/Win64/UnrealGame/Inc/DiscGolfCharacterFramework/UHT/DiscGolfOutfitComponent.gen.cpp"	"53399"	"56099C02E87D0E416DECE19FF5D3F32896B05BEA27D4E4F214AEE92112E8F1B3"
"project_plugin"	"Intermediate/Build/Win64/UnrealGame/Inc/DiscGolfCharacterFramework/UHT/DiscGolfOutfitComponent.generated.h"	"4020"	"B9847C12A8E6CC067F94C611CD1FA79F4CBE8D52AFB94B6FF5E6490D98E6EB9E"
"project_plugin"	"Intermediate/Build/Win64/UnrealGame/Inc/DiscGolfCharacterFramework/UHT/DiscGolfOutfitItem.gen.cpp"	"31535"	"8FD7DF2DFF9AFCE1608F38862C34F9C7BFE05C1F58E5DD32918227C7E97766E3"
"project_plugin"	"Intermediate/Build/Win64/UnrealGame/Inc/DiscGolfCharacterFramework/UHT/DiscGolfOutfitItem.generated.h"	"3781"	"107CC294F725B04F47C66C5521ADA8771460C7CDCCA49D0102DFF2477FEDBDFC"
"project_plugin"	"Intermediate/Build/Win64/UnrealGame/Inc/DiscGolfCharacterFramework/UHT/DiscGolfOutfitTypes.gen.cpp"	"30519"	"2EAA4D6A9F9EF72B0DFA17957F79A5358A0435B2CDD9DD8F60248A1ED4C06F38"
"project_plugin"	"Intermediate/Build/Win64/UnrealGame/Inc/DiscGolfCharacterFramework/UHT/DiscGolfOutfitTypes.generated.h"	"4915"	"BBC4C4907986210FFCBDD04AD3C8332160A3DF2CA97C3699726358FA1BD604EF"
"project_plugin"	"Intermediate/Build/Win64/UnrealGame/Inc/DiscGolfCharacterFramework/UHT/DiscGolfPlasticDefinition.gen.cpp"	"12280"	"28D2770B4452356BDCAA3E92EA89955F07DB03AD791857C726879074513DD972"
"project_plugin"	"Intermediate/Build/Win64/UnrealGame/Inc/DiscGolfCharacterFramework/UHT/DiscGolfPlasticDefinition.generated.h"	"3583"	"AD1D8D5162A2CA9E166A97CE9584897D7A30BBCF639342A82E62D67322C31EC0"
"project_plugin"	"Intermediate/Build/Win64/UnrealGame/Inc/DiscGolfCharacterFramework/UHT/DiscGolfPlayabilityLibrary.gen.cpp"	"23104"	"C420264278451BBF806A83BF446A1FD829D424B7484EF99353816F5F130D027B"
"project_plugin"	"Intermediate/Build/Win64/UnrealGame/Inc/DiscGolfCharacterFramework/UHT/DiscGolfPlayabilityLibrary.generated.h"	"4184"	"47BA84132EA7CE3FFDD1B3E3FE395CACE77C2BADDA5A17C5366F954BADF49598"
"project_plugin"	"Intermediate/Build/Win64/UnrealGame/Inc/DiscGolfCharacterFramework/UHT/DiscGolfPlayabilityMonitorComponent.gen.cpp"	"50500"	"7534ABC6D97BF6454E14B897A64A775E960CC6375A62425514CD56A1338ACAE9"
"project_plugin"	"Intermediate/Build/Win64/UnrealGame/Inc/DiscGolfCharacterFramework/UHT/DiscGolfPlayabilityMonitorComponent.generated.h"	"4489"	"7EBC1941AA9BCAEC5FD4A3FB14E43D43FA4837AF1489ABA1E92D2E96DB61C452"
"project_plugin"	"Intermediate/Build/Win64/UnrealGame/Inc/DiscGolfCharacterFramework/UHT/DiscGolfPlayabilityTypes.gen.cpp"	"41525"	"AC444F8795739D28F744D0F9C1BED6F671309DC898FE58D696BB64F5A7ACAA41"
"project_plugin"	"Intermediate/Build/Win64/UnrealGame/Inc/DiscGolfCharacterFramework/UHT/DiscGolfPlayabilityTypes.generated.h"	"6893"	"ED1425DC56D508F1723C8247098C17FC44F601DC926E473825E8F402ACE70879"
"project_plugin"	"Intermediate/Build/Win64/UnrealGame/Inc/DiscGolfCharacterFramework/UHT/DiscGolfPlayerProfileSaveGame.gen.cpp"	"11364"	"186DD4B05A0EF95725A7DF3F7CB2F06D2F972648D5E02CEDDA6BDC38D355F67E"
"project_plugin"	"Intermediate/Build/Win64/UnrealGame/Inc/DiscGolfCharacterFramework/UHT/DiscGolfPlayerProfileSaveGame.generated.h"	"3692"	"BFF0964AC049B15518794521BCA40E591870A2C320372CAB846A8CCBC2C5EEDA"
"project_plugin"	"Intermediate/Build/Win64/UnrealGame/Inc/DiscGolfCharacterFramework/UHT/DiscGolfReplayBridgeComponent.gen.cpp"	"29785"	"37F77B7AF4A8BBD447A1A18C6CCDB694342122183F7427A8B4439664043CD891"
"project_plugin"	"Intermediate/Build/Win64/UnrealGame/Inc/DiscGolfCharacterFramework/UHT/DiscGolfReplayBridgeComponent.generated.h"	"3986"	"35B919ADBAB496D593DB84DA47A44E73F72B0FDD0F891110A69915DA41804932"
"project_plugin"	"Intermediate/Build/Win64/UnrealGame/Inc/DiscGolfCharacterFramework/UHT/DiscGolfScoringLibrary.gen.cpp"	"19366"	"7032205D6CDDA35E2F83704E8809E5C6CA9F2D260C4FAFFFAB725E7026240262"
"project_plugin"	"Intermediate/Build/Win64/UnrealGame/Inc/DiscGolfCharacterFramework/UHT/DiscGolfScoringLibrary.generated.h"	"3966"	"17111A8BFCCAE619ECBCD580549C47DA61E407A94A8AA098743F48B5F8A0D2E1"
"project_plugin"	"Intermediate/Build/Win64/UnrealGame/Inc/DiscGolfCharacterFramework/UHT/DiscGolfSettingsSubsystem.gen.cpp"	"21800"	"8073D8DBB8F187CA58C095350FE4DAC2504A93874C83CEE566A36053D385ACB9"
"project_plugin"	"Intermediate/Build/Win64/UnrealGame/Inc/DiscGolfCharacterFramework/UHT/DiscGolfSettingsSubsystem.generated.h"	"4297"	"938DC3FB9DC2414D8260CCE1ABDAC628D0F114A911F2E3087DCF83D8333516D5"
"project_plugin"	"Intermediate/Build/Win64/UnrealGame/Inc/DiscGolfCharacterFramework/UHT/DiscGolfSettingsTypes.gen.cpp"	"53581"	"3BAAED51B242B8C889518F0C7CD218040FF601D186AD218619D77E2B43F21421"
"project_plugin"	"Intermediate/Build/Win64/UnrealGame/Inc/DiscGolfCharacterFramework/UHT/DiscGolfSettingsTypes.generated.h"	"6396"	"672BB17AAB42320366961A34E8AB21DFB0A2D39BD2813D844E44DC1330E551A5"
"project_plugin"	"Intermediate/Build/Win64/UnrealGame/Inc/DiscGolfCharacterFramework/UHT/DiscGolfShotReplayComponent.gen.cpp"	"29623"	"2CBE6383DB5E6AD307927F44BDBB68801F12766D78C60372727CBD0AA37BE7C4"
"project_plugin"	"Intermediate/Build/Win64/UnrealGame/Inc/DiscGolfCharacterFramework/UHT/DiscGolfShotReplayComponent.generated.h"	"3993"	"8BB63ACF11C11879090715FBB579BD0B2710A5FABFB326C6F4DF141662C5EA1A"
"project_plugin"	"Intermediate/Build/Win64/UnrealGame/Inc/DiscGolfCharacterFramework/UHT/DiscGolfShotTracerComponent.gen.cpp"	"37812"	"5989D87A2DA8173ABDD72192A685E2A8F156C56FE95774C85B0B06A73D7F7E22"
"project_plugin"	"Intermediate/Build/Win64/UnrealGame/Inc/DiscGolfCharacterFramework/UHT/DiscGolfShotTracerComponent.generated.h"	"4276"	"9E88A1A3AAF74225C26017CEE498E9CA131EBA12D4C5B775CCDE1F0A8F03571A"
"project_plugin"	"Intermediate/Build/Win64/UnrealGame/Inc/DiscGolfCharacterFramework/UHT/DiscGolfTelemetryComponent.gen.cpp"	"50007"	"48BCD06227AF58F7200FFE62981B0D8017C8CB2EE00A9E8F36CE0075BB221F43"
"project_plugin"	"Intermediate/Build/Win64/UnrealGame/Inc/DiscGolfCharacterFramework/UHT/DiscGolfTelemetryComponent.generated.h"	"4124"	"8E8E846288D311D684E74B7FC699E6D0E62F53871AA771E1E9FF6EEB90ED4948"
"project_plugin"	"Intermediate/Build/Win64/UnrealGame/Inc/DiscGolfCharacterFramework/UHT/DiscGolfTelemetryTypes.gen.cpp"	"58871"	"795A54496EFB3F4558BEE1DC3AE724BACB6E752C031668193F434EA363FA9C1F"
"project_plugin"	"Intermediate/Build/Win64/UnrealGame/Inc/DiscGolfCharacterFramework/UHT/DiscGolfTelemetryTypes.generated.h"	"6460"	"7709F231968778D51D36F9012659F3E14619A713AAF335BC3F3C3D7F700F4FE0"
"project_plugin"	"Intermediate/Build/Win64/UnrealGame/Inc/DiscGolfCharacterFramework/UHT/DiscGolfThrowComponent.gen.cpp"	"43746"	"4FF016D1620D2C7064ACB831095E7A04D8B69437B6464022FFE548F45BD50291"
"project_plugin"	"Intermediate/Build/Win64/UnrealGame/Inc/DiscGolfCharacterFramework/UHT/DiscGolfThrowComponent.generated.h"	"4008"	"3096DDBF8FEBFEEF07679D11ED5D71875A86C30871FB17ABEA7880139EBF4122"
"project_plugin"	"Intermediate/Build/Win64/UnrealGame/Inc/DiscGolfCharacterFramework/UHT/DiscGolfThrowLabSaveGame.gen.cpp"	"8919"	"6F24A9222A0A1E1CC00294F93E16234AD63B8620A1A0C1073C6B2266AFA0A6D1"
"project_plugin"	"Intermediate/Build/Win64/UnrealGame/Inc/DiscGolfCharacterFramework/UHT/DiscGolfThrowLabSaveGame.generated.h"	"3546"	"2BCD5C1BA9E4513F1CFCB045DB7E327F6B3643AFB136EEA5424DE33E1BD77683"
"project_plugin"	"Intermediate/Build/Win64/UnrealGame/Inc/DiscGolfCharacterFramework/UHT/DiscGolfTournamentDefinition.gen.cpp"	"13043"	"5A14A6A1B55F84139735B10CCD9ECBA6E61E11C5D67E9A1AFB013440E7B8D907"
"project_plugin"	"Intermediate/Build/Win64/UnrealGame/Inc/DiscGolfCharacterFramework/UHT/DiscGolfTournamentDefinition.generated.h"	"3670"	"EC0AEC4FCB35D2325BA176B8710EADE6DB9C89951ADF46EB478DB68DAD367D0E"
"project_plugin"	"Intermediate/Build/Win64/UnrealGame/Inc/DiscGolfCharacterFramework/UHT/DiscGolfUIFlowSubsystem.gen.cpp"	"25778"	"73D470D1FC909FA63DECE09B6C2A68D3701DC631566A173B5AF82CF2822620AD"
"project_plugin"	"Intermediate/Build/Win64/UnrealGame/Inc/DiscGolfCharacterFramework/UHT/DiscGolfUIFlowSubsystem.generated.h"	"3989"	"C35056EBB75E009336DE7E70DC14EDD807B0FD70DD5E5D357676CE2AA066900D"
"project_plugin"	"Intermediate/Build/Win64/UnrealGame/Inc/DiscGolfCharacterFramework/UHT/DiscGolfUserSettingsSaveGame.gen.cpp"	"8533"	"7FCEEAAB82490299337BE82623B75911871A06B5EDA11246C99C805547AF6D1C"
"project_plugin"	"Intermediate/Build/Win64/UnrealGame/Inc/DiscGolfCharacterFramework/UHT/DiscGolfUserSettingsSaveGame.generated.h"	"3662"	"1AA82B00172E8454644A1A24CEFDFE4FE34FBF3A755CF9E7405B60B389AEB58B"
"project_plugin"	"Intermediate/Build/Win64/x64/UnrealEditor/Development/DiscGolfCharacterFramework/Default.rc2.res"	"25032"	"96FB4D4206284ECC52F9857AAA416E6F90952EC16E48B45A2707D7603EE0B22A"
"project_plugin"	"Intermediate/Build/Win64/x64/UnrealEditor/Development/DiscGolfCharacterFramework/Default.rc2.res.rsp"	"3272"	"94895ADC4F147001773423102CAB05075AF6696C4886E454F7BE8D4F40AF678A"
"project_plugin"	"Intermediate/Build/Win64/x64/UnrealEditor/Development/DiscGolfCharacterFramework/Definitions.DiscGolfCharacterFramework.h"	"1182"	"157756754246CB4B730338D08AD62D0418D816EAB14FD44C293CED3D8372E811"
"project_plugin"	"Intermediate/Build/Win64/x64/UnrealEditor/Development/DiscGolfCharacterFramework/DiscGolfAvatarBackendComponent.cpp.dep.json"	"2896"	"5F742E47221098A3B1DFEAE0D6ECA46E0505ED2117E34F11C1F4BA43C7B05D68"
"project_plugin"	"Intermediate/Build/Win64/x64/UnrealEditor/Development/DiscGolfCharacterFramework/DiscGolfAvatarBackendComponent.cpp.obj"	"1386606"	"7904FB8E77FAA6C5184840276515D2BDF24A0679159EF22D2AA246C2F0491D80"
"project_plugin"	"Intermediate/Build/Win64/x64/UnrealEditor/Development/DiscGolfCharacterFramework/DiscGolfAvatarBackendComponent.cpp.obj.rsp"	"1472"	"3BF84C7DCD9ACAA830685116451B6C0FD72C5CD2CE4F7C2E8A6A15BE1EB87D96"
"project_plugin"	"Intermediate/Build/Win64/x64/UnrealEditor/Development/DiscGolfCharacterFramework/DiscGolfAvatarBackendComponent.cpp.sarif"	"572"	"82FA5F5E0E126CFBC7227F1AD9B23A4A6CB22136E9ED3895CF7A161496F0F9DB"
"project_plugin"	"Intermediate/Build/Win64/x64/UnrealEditor/Development/DiscGolfCharacterFramework/DiscGolfBagComponent.cpp.dep.json"	"2235"	"BB1C3E275CE82E199672209E37B253E58C51496820860237C3171A1653CF90F8"
"project_plugin"	"Intermediate/Build/Win64/x64/UnrealEditor/Development/DiscGolfCharacterFramework/DiscGolfBagComponent.cpp.obj"	"922854"	"6EDCFAAFFF0B51726EA8C7058B1642D74874DE40A98D6A0DE55BDF3442530BB6"
"project_plugin"	"Intermediate/Build/Win64/x64/UnrealEditor/Development/DiscGolfCharacterFramework/DiscGolfBagComponent.cpp.obj.rsp"	"1432"	"AE7CCEBD488254BF990173552CC0441A83FB864D73521D75C0DD2D53133D88C7"
"project_plugin"	"Intermediate/Build/Win64/x64/UnrealEditor/Development/DiscGolfCharacterFramework/DiscGolfBagComponent.cpp.sarif"	"572"	"82FA5F5E0E126CFBC7227F1AD9B23A4A6CB22136E9ED3895CF7A161496F0F9DB"
"project_plugin"	"Intermediate/Build/Win64/x64/UnrealEditor/Development/DiscGolfCharacterFramework/DiscGolfCharacterFramework.Shared.rsp"	"16225"	"53054F5B9E258E2596A44868467518769114207A86ADD9146FAE824FE09B1F67"
"project_plugin"	"Intermediate/Build/Win64/x64/UnrealEditor/Development/DiscGolfCharacterFramework/DiscGolfPlayabilityLibrary.cpp.dep.json"	"1325"	"2BB81F6F9977D1FF0DF24E35FF983E6A3359289242A20465D5CA79F8D0941E9B"
"project_plugin"	"Intermediate/Build/Win64/x64/UnrealEditor/Development/DiscGolfCharacterFramework/DiscGolfPlayabilityLibrary.cpp.obj"	"618427"	"54FB2DDF3657B266B494D5D9A3FB6BFF3C165037BED4E56B2305E8C85BA68B58"
"project_plugin"	"Intermediate/Build/Win64/x64/UnrealEditor/Development/DiscGolfCharacterFramework/DiscGolfPlayabilityLibrary.cpp.obj.rsp"	"1456"	"D347EBCBC47C9A677CFB88D605D8B659A9E3960345541DA09C27B86CC68CD13A"
"project_plugin"	"Intermediate/Build/Win64/x64/UnrealEditor/Development/DiscGolfCharacterFramework/DiscGolfPlayabilityLibrary.cpp.sarif"	"572"	"82FA5F5E0E126CFBC7227F1AD9B23A4A6CB22136E9ED3895CF7A161496F0F9DB"
"project_plugin"	"Intermediate/Build/Win64/x64/UnrealEditor/Development/DiscGolfCharacterFramework/DiscGolfPlayabilityMonitorComponent.cpp.dep.json"	"1352"	"168424A7F6410BA6805B6658A667BDEDC50E09DC4339292A12A4EDD22F6833C7"
"project_plugin"	"Intermediate/Build/Win64/x64/UnrealEditor/Development/DiscGolfCharacterFramework/DiscGolfPlayabilityMonitorComponent.cpp.obj"	"843462"	"34C237CBB6A1484237F4DF809A7C8AFF32E26F813C28840CA07519E730C3627C"
"project_plugin"	"Intermediate/Build/Win64/x64/UnrealEditor/Development/DiscGolfCharacterFramework/DiscGolfPlayabilityMonitorComponent.cpp.obj.rsp"	"1492"	"893921D3843779B5B4DF20684FD9D5944A6A2A42971A3E07E78BE8C3CD906E16"
"project_plugin"	"Intermediate/Build/Win64/x64/UnrealEditor/Development/DiscGolfCharacterFramework/DiscGolfPlayabilityMonitorComponent.cpp.sarif"	"572"	"82FA5F5E0E126CFBC7227F1AD9B23A4A6CB22136E9ED3895CF7A161496F0F9DB"
"project_plugin"	"Intermediate/Build/Win64/x64/UnrealEditor/Development/DiscGolfCharacterFramework/LiveCodingInfo.json"	"4079"	"22995EFC023ABD52E9526E78C3CD27884C291557ACA0ADF48D6F23197D9D5940"
"project_plugin"	"Intermediate/Build/Win64/x64/UnrealEditor/Development/DiscGolfCharacterFramework/Module.DiscGolfCharacterFramework.cpp"	"13570"	"2FB3B7661DDB92AB732997025C4029F3FA263013B7B0271FF5D6C699EC47573C"
"project_plugin"	"Intermediate/Build/Win64/x64/UnrealEditor/Development/DiscGolfCharacterFramework/Module.DiscGolfCharacterFramework.cpp.dep.json"	"43226"	"8031889FF48D3259FA5968ED24E02737ECA6AFA4754A8011702A5E559B42FF9A"
"project_plugin"	"Intermediate/Build/Win64/x64/UnrealEditor/Development/DiscGolfCharacterFramework/Module.DiscGolfCharacterFramework.cpp.obj"	"9291746"	"8BF56691EB7FA488F822194A6F4B6832985961BBA882D59F3045990D1DB1ABEF"
"project_plugin"	"Intermediate/Build/Win64/x64/UnrealEditor/Development/DiscGolfCharacterFramework/Module.DiscGolfCharacterFramework.cpp.obj.rsp"	"1523"	"DD8AA79E312409964241C62837315E70B6D931733AA353C4D31275A7D17981AA"
"project_plugin"	"Intermediate/Build/Win64/x64/UnrealEditor/Development/DiscGolfCharacterFramework/Module.DiscGolfCharacterFramework.cpp.sarif"	"572"	"82FA5F5E0E126CFBC7227F1AD9B23A4A6CB22136E9ED3895CF7A161496F0F9DB"
"project_plugin"	"Intermediate/Build/Win64/x64/UnrealEditor/Development/DiscGolfCharacterFramework/PerModuleInline.gen.cpp"	"301"	"23D538867742C8EE05F9AF47C5F98A172E00203B7865F83AF22E5E93B10CE4C8"
"project_plugin"	"Intermediate/Build/Win64/x64/UnrealEditor/Development/DiscGolfCharacterFramework/UnrealEditor-DiscGolfCharacterFramework.dll.rsp"	"3134"	"AE0044BFB59A51547274AE0BF84F49D276E0625F84CF4883E3FD5962FA9A68DB"
"project_plugin"	"Intermediate/Build/Win64/x64/UnrealEditor/Development/DiscGolfCharacterFramework/UnrealEditor-DiscGolfCharacterFramework.exp"	"357876"	"BB8EB4DE99866871BC17991803BCD07239183DCCD7EE029C98D44889C69FB284"
"project_plugin"	"Intermediate/Build/Win64/x64/UnrealEditor/Development/DiscGolfCharacterFramework/UnrealEditor-DiscGolfCharacterFramework.lib"	"621560"	"E2FF60583A206742A7C7E00CCFE1EB91D0BE53F6896F52148A8744E27D8818C2"
"project_plugin"	"Intermediate/Build/Win64/x64/UnrealEditor/Development/DiscGolfCharacterFramework/UnrealEditor-DiscGolfCharacterFramework.lib.rsp"	"1329"	"CED8FFA362342776E7D511519ABFA9B7A311D7D952EDDCA0D159B8A4349699F1"
"project_plugin"	"Intermediate/Build/Win64/x64/UnrealGame/Development/DiscGolfCharacterFramework/Definitions.DiscGolfCharacterFramework.h"	"1738"	"AE2AFCFC8F32BD84993680385792AABA619F76FD8B7CECD6FD75084EF9B9FA98"
"project_plugin"	"Intermediate/Build/Win64/x64/UnrealGame/Development/DiscGolfCharacterFramework/DiscGolfAvatarBackendComponent.cpp.dep.json"	"2870"	"93C76982F0B07C81722AAE68FB644C78134C6A61FB32599B37CD5B166AEC13E0"
"project_plugin"	"Intermediate/Build/Win64/x64/UnrealGame/Development/DiscGolfCharacterFramework/DiscGolfAvatarBackendComponent.cpp.obj"	"1101099"	"96A5126EA1CDD5A457460485D1E722ACBEB825D17494EEA8F9BE74E4CD92AA6E"
"project_plugin"	"Intermediate/Build/Win64/x64/UnrealGame/Development/DiscGolfCharacterFramework/DiscGolfAvatarBackendComponent.cpp.obj.rsp"	"1432"	"36B44C3155720D922604F2D9A67C6CE9170076796E4D0D84D58B82E27C1260CE"
"project_plugin"	"Intermediate/Build/Win64/x64/UnrealGame/Development/DiscGolfCharacterFramework/DiscGolfAvatarBackendComponent.cpp.sarif"	"572"	"82FA5F5E0E126CFBC7227F1AD9B23A4A6CB22136E9ED3895CF7A161496F0F9DB"
"project_plugin"	"Intermediate/Build/Win64/x64/UnrealGame/Development/DiscGolfCharacterFramework/DiscGolfBagComponent.cpp.dep.json"	"2213"	"DBCE367DECF7162E35A561B4B03822F88B43274D17F6F78BD63912F113237F66"
"project_plugin"	"Intermediate/Build/Win64/x64/UnrealGame/Development/DiscGolfCharacterFramework/DiscGolfBagComponent.cpp.obj"	"779561"	"95D3AF462B6AF2F50ACD3F8D66DCBD8A45DC44F919D72F8C9643AE738B606147"
"project_plugin"	"Intermediate/Build/Win64/x64/UnrealGame/Development/DiscGolfCharacterFramework/DiscGolfBagComponent.cpp.obj.rsp"	"1392"	"35AC0D34C1BDFB014A89C5B60FB622C37A44EFFC1B38CD09A0D22727CC2468BB"
"project_plugin"	"Intermediate/Build/Win64/x64/UnrealGame/Development/DiscGolfCharacterFramework/DiscGolfBagComponent.cpp.sarif"	"572"	"82FA5F5E0E126CFBC7227F1AD9B23A4A6CB22136E9ED3895CF7A161496F0F9DB"
"project_plugin"	"Intermediate/Build/Win64/x64/UnrealGame/Development/DiscGolfCharacterFramework/DiscGolfCharacterFramework.Shared.rsp"	"8148"	"A2D383BF9E892EF6DE7C3B99CDCF112F262A57EB0399E0A833C8B62DC7645515"
"project_plugin"	"Intermediate/Build/Win64/x64/UnrealGame/Development/DiscGolfCharacterFramework/DiscGolfPlayabilityLibrary.cpp.dep.json"	"1309"	"92DE271D7E2625FE08AA219F06A6905893679FD347DD0790ECCA21F2B85BC4DA"
"project_plugin"	"Intermediate/Build/Win64/x64/UnrealGame/Development/DiscGolfCharacterFramework/DiscGolfPlayabilityLibrary.cpp.obj"	"553439"	"767D4C582EFC4AF6C4B7D3CA1DA1FD32E18E1F2014E721B5A2C961308119AD05"
"project_plugin"	"Intermediate/Build/Win64/x64/UnrealGame/Development/DiscGolfCharacterFramework/DiscGolfPlayabilityLibrary.cpp.obj.rsp"	"1416"	"70570D5FD2FAACBC70550776F90984903FB804402CBA378D1A781B10C37C6785"
"project_plugin"	"Intermediate/Build/Win64/x64/UnrealGame/Development/DiscGolfCharacterFramework/DiscGolfPlayabilityLibrary.cpp.sarif"	"572"	"82FA5F5E0E126CFBC7227F1AD9B23A4A6CB22136E9ED3895CF7A161496F0F9DB"
"project_plugin"	"Intermediate/Build/Win64/x64/UnrealGame/Development/DiscGolfCharacterFramework/DiscGolfPlayabilityMonitorComponent.cpp.dep.json"	"1336"	"EBCD19176473D1EEA6083589E23AEE08B7FB7D36EC5CD97EB971D34EFF03622B"
"project_plugin"	"Intermediate/Build/Win64/x64/UnrealGame/Development/DiscGolfCharacterFramework/DiscGolfPlayabilityMonitorComponent.cpp.obj"	"718070"	"546643EE6E7DE522DD5AB1C00B14C7E1E7DDB0CBCE5FD59AEE4B409EF98831E6"
"project_plugin"	"Intermediate/Build/Win64/x64/UnrealGame/Development/DiscGolfCharacterFramework/DiscGolfPlayabilityMonitorComponent.cpp.obj.rsp"	"1452"	"5A2A109B1CA1FD5CFDC60B75930DD57E0AC1788EB668D048C4D7ECD7EC029728"
"project_plugin"	"Intermediate/Build/Win64/x64/UnrealGame/Development/DiscGolfCharacterFramework/DiscGolfPlayabilityMonitorComponent.cpp.sarif"	"572"	"82FA5F5E0E126CFBC7227F1AD9B23A4A6CB22136E9ED3895CF7A161496F0F9DB"
"project_plugin"	"Intermediate/Build/Win64/x64/UnrealGame/Development/DiscGolfCharacterFramework/LiveCodingInfo.json"	"4044"	"5104FD605864B16E914C3BEC10F13334DC82796252F4C16BD6659AD18097ADB7"
"project_plugin"	"Intermediate/Build/Win64/x64/UnrealGame/Development/DiscGolfCharacterFramework/Module.DiscGolfCharacterFramework.cpp"	"13288"	"B01F6F51221D7F819F8B4547FF0C32C31C747DEB2DDD57296F18FDF1F561DF63"
"project_plugin"	"Intermediate/Build/Win64/x64/UnrealGame/Development/DiscGolfCharacterFramework/Module.DiscGolfCharacterFramework.cpp.dep.json"	"43593"	"B0AB310D3B280BE2D39C0B2AC60495AAAC4DF8756293C376352FB42DA1784916"
"project_plugin"	"Intermediate/Build/Win64/x64/UnrealGame/Development/DiscGolfCharacterFramework/Module.DiscGolfCharacterFramework.cpp.obj"	"7370357"	"BCF0474EA7CA227099C401A6D9EE94EAC84ED2AD97159B37DA78D532675FC826"
"project_plugin"	"Intermediate/Build/Win64/x64/UnrealGame/Development/DiscGolfCharacterFramework/Module.DiscGolfCharacterFramework.cpp.obj.rsp"	"1481"	"6E30666D805601800C3004548570093D7D00154FE07F1A4DE8C3352B06BC8CD2"
"project_plugin"	"Intermediate/Build/Win64/x64/UnrealGame/Development/DiscGolfCharacterFramework/Module.DiscGolfCharacterFramework.cpp.sarif"	"572"	"82FA5F5E0E126CFBC7227F1AD9B23A4A6CB22136E9ED3895CF7A161496F0F9DB"
"project_plugin"	"Intermediate/Build/Win64/x64/UnrealGame/Shipping/DiscGolfCharacterFramework/Definitions.DiscGolfCharacterFramework.h"	"1738"	"AE2AFCFC8F32BD84993680385792AABA619F76FD8B7CECD6FD75084EF9B9FA98"
"project_plugin"	"Intermediate/Build/Win64/x64/UnrealGame/Shipping/DiscGolfCharacterFramework/DiscGolfAvatarBackendComponent.cpp.dep.json"	"2864"	"DAFB53E2AFDF3038E92FF5F5EF0241933D3CED754D5A60E9DF2E2DC69F64845C"
"project_plugin"	"Intermediate/Build/Win64/x64/UnrealGame/Shipping/DiscGolfCharacterFramework/DiscGolfAvatarBackendComponent.cpp.obj"	"862544"	"93AE5C98AF50EF112D5042C37FF20F48F442CD58C03D520EAAE0DAE742DB16CB"
"project_plugin"	"Intermediate/Build/Win64/x64/UnrealGame/Shipping/DiscGolfCharacterFramework/DiscGolfAvatarBackendComponent.cpp.obj.rsp"	"1408"	"0E2AD668AD405BCFF159B618877A37B46688BC0C7C860F116E0DC93F93DFC2CA"
"project_plugin"	"Intermediate/Build/Win64/x64/UnrealGame/Shipping/DiscGolfCharacterFramework/DiscGolfAvatarBackendComponent.cpp.sarif"	"572"	"82FA5F5E0E126CFBC7227F1AD9B23A4A6CB22136E9ED3895CF7A161496F0F9DB"
"project_plugin"	"Intermediate/Build/Win64/x64/UnrealGame/Shipping/DiscGolfCharacterFramework/DiscGolfBagComponent.cpp.dep.json"	"2207"	"24C9B19D97CD8EC3CE9ECA2DD52BF39BE72A5E83C8A21C4048BCA56C882223C9"
"project_plugin"	"Intermediate/Build/Win64/x64/UnrealGame/Shipping/DiscGolfCharacterFramework/DiscGolfBagComponent.cpp.obj"	"568854"	"1CA072D68EB59B2DEB3D6CEFD809B287D8CEB18432137AA4D1999472050866E6"
"project_plugin"	"Intermediate/Build/Win64/x64/UnrealGame/Shipping/DiscGolfCharacterFramework/DiscGolfBagComponent.cpp.obj.rsp"	"1368"	"2B5FB267E11A6689C38B1BB0D6A8C27F2446F1D0E7B8E7D21DF801DFD217FBD0"
"project_plugin"	"Intermediate/Build/Win64/x64/UnrealGame/Shipping/DiscGolfCharacterFramework/DiscGolfBagComponent.cpp.sarif"	"572"	"82FA5F5E0E126CFBC7227F1AD9B23A4A6CB22136E9ED3895CF7A161496F0F9DB"
"project_plugin"	"Intermediate/Build/Win64/x64/UnrealGame/Shipping/DiscGolfCharacterFramework/DiscGolfCharacterFramework.Shared.rsp"	"8192"	"D5163E9EC50B261CB21B27661F8444354307E0F5C36820F99406E0F4766B5D98"
"project_plugin"	"Intermediate/Build/Win64/x64/UnrealGame/Shipping/DiscGolfCharacterFramework/DiscGolfPlayabilityLibrary.cpp.dep.json"	"1303"	"E08D2CDB4B79D28C6D0F809EE6CEE23A44058396FDB641BE99D2662DC438C82B"
"project_plugin"	"Intermediate/Build/Win64/x64/UnrealGame/Shipping/DiscGolfCharacterFramework/DiscGolfPlayabilityLibrary.cpp.obj"	"453067"	"733ABE62F69D7EF3D96A194647F73DB2FC3D60B50CCA5D63AEEAE07DD1F0687C"
"project_plugin"	"Intermediate/Build/Win64/x64/UnrealGame/Shipping/DiscGolfCharacterFramework/DiscGolfPlayabilityLibrary.cpp.obj.rsp"	"1392"	"DA7BDAA6123C80DEC5D25B5A121FFA61B16B741BAC2A6B90AB47C37DF0D4C0B9"
"project_plugin"	"Intermediate/Build/Win64/x64/UnrealGame/Shipping/DiscGolfCharacterFramework/DiscGolfPlayabilityLibrary.cpp.sarif"	"572"	"82FA5F5E0E126CFBC7227F1AD9B23A4A6CB22136E9ED3895CF7A161496F0F9DB"
"project_plugin"	"Intermediate/Build/Win64/x64/UnrealGame/Shipping/DiscGolfCharacterFramework/DiscGolfPlayabilityMonitorComponent.cpp.dep.json"	"1330"	"7EE93F4B0449C671A15184497611A366D1C466EDCF2A74E2BA39D45C4B970FF6"
"project_plugin"	"Intermediate/Build/Win64/x64/UnrealGame/Shipping/DiscGolfCharacterFramework/DiscGolfPlayabilityMonitorComponent.cpp.obj"	"517125"	"715A7E287608823ABC42CA2355BDB27D2B49207E0C4FAD36251AB7330A3418A9"
"project_plugin"	"Intermediate/Build/Win64/x64/UnrealGame/Shipping/DiscGolfCharacterFramework/DiscGolfPlayabilityMonitorComponent.cpp.obj.rsp"	"1428"	"24E1A8DD3B5F01B074F81306F1E5A0BD8F10C89ACA67A8C44C60612C3661082C"
"project_plugin"	"Intermediate/Build/Win64/x64/UnrealGame/Shipping/DiscGolfCharacterFramework/DiscGolfPlayabilityMonitorComponent.cpp.sarif"	"572"	"82FA5F5E0E126CFBC7227F1AD9B23A4A6CB22136E9ED3895CF7A161496F0F9DB"
"project_plugin"	"Intermediate/Build/Win64/x64/UnrealGame/Shipping/DiscGolfCharacterFramework/Module.DiscGolfCharacterFramework.cpp"	"13288"	"B01F6F51221D7F819F8B4547FF0C32C31C747DEB2DDD57296F18FDF1F561DF63"
"project_plugin"	"Intermediate/Build/Win64/x64/UnrealGame/Shipping/DiscGolfCharacterFramework/Module.DiscGolfCharacterFramework.cpp.dep.json"	"43584"	"FBFD3A4CA2D5BC04870BC707BDEBF81F66802E6522F7FF1B889AA80012BDCB59"
"project_plugin"	"Intermediate/Build/Win64/x64/UnrealGame/Shipping/DiscGolfCharacterFramework/Module.DiscGolfCharacterFramework.cpp.obj"	"6669091"	"4E77FDAA59721A915361E259FCD3B61122FDD4592997441F179F567D148DB604"
"project_plugin"	"Intermediate/Build/Win64/x64/UnrealGame/Shipping/DiscGolfCharacterFramework/Module.DiscGolfCharacterFramework.cpp.obj.rsp"	"1454"	"F1C1172AC68EB5A02E2BB7B1D3B955D1A48E8ADDA509B06BAC502D089CA92A4B"
"project_plugin"	"Intermediate/Build/Win64/x64/UnrealGame/Shipping/DiscGolfCharacterFramework/Module.DiscGolfCharacterFramework.cpp.sarif"	"572"	"82FA5F5E0E126CFBC7227F1AD9B23A4A6CB22136E9ED3895CF7A161496F0F9DB"
"project_plugin"	"README.md"	"1274"	"CA69C13A66C9A2BC5EA45D076161DF660589DC30CC9E146EDA667342C01393A6"
"project_plugin"	"Source/DiscGolfCharacterFramework/DiscGolfCharacterFramework.Build.cs"	"413"	"36E4C469CBA7D03316D694288BF8D07EAEFB06CAB3ED0280C7D50857774D5656"
"project_plugin"	"Source/DiscGolfCharacterFramework/Private/AnimNotify_DiscRelease.cpp"	"635"	"FDD73201DE0AC1770868EE0ACB4D72E198039A805EF9EC2F098690C596B8C46D"
"project_plugin"	"Source/DiscGolfCharacterFramework/Private/AnimNotify_ThrowFinished.cpp"	"633"	"E8A4985EB36020DA5F01E5FFBABC5D1B07F64FD789AD2AC98E5C64D06113D02B"
"project_plugin"	"Source/DiscGolfCharacterFramework/Private/AnimNotify_ThrowPhase.cpp"	"940"	"39F334214E3A57D2A6C9AB4A06F72F715D66A0CF5DACF82F983B888674B4796F"
"project_plugin"	"Source/DiscGolfCharacterFramework/Private/DiscGolfAIShotPlannerComponent.cpp"	"1741"	"4823B508154FB272756F1F5E4E3AFCEA9CF8FC175D266849B56C865417E15CBC"
"project_plugin"	"Source/DiscGolfCharacterFramework/Private/DiscGolfAnimInstance.cpp"	"1163"	"AB062E52D89E4A42472B79042FDAFFFDFFE5B097EC8D771B98A995E5F892EC0B"
"project_plugin"	"Source/DiscGolfCharacterFramework/Private/DiscGolfAppearanceComponent.cpp"	"1099"	"4CD8D92874A8796DAC6DB088A8D07F7625BB61FCB627A8976632B02650AA1905"
"project_plugin"	"Source/DiscGolfCharacterFramework/Private/DiscGolfAudioBridgeComponent.cpp"	"957"	"44948B6479E1808974D5C48EDB815502BEFF8EF140FA2C6C42C8E3CFCA1B7F6E"
"project_plugin"	"Source/DiscGolfCharacterFramework/Private/DiscGolfAvatarBackendComponent.cpp"	"13440"	"8D659CFDE82474880DC06B361A03D17BD41FA4687F8DE1B6D364DA8416E18283"
"project_plugin"	"Source/DiscGolfCharacterFramework/Private/DiscGolfBagComponent.cpp"	"4403"	"A4B732A4C4DDA842385106EED0EBE598ED40BBEF270EA2F13E920EFC254595D7"
"project_plugin"	"Source/DiscGolfCharacterFramework/Private/DiscGolfCameraDirectorComponent.cpp"	"706"	"17572B1C342968CC9085CC0523C5F7570CC3FF8BFC726C9EB07187A7D8B3DCA7"
"project_plugin"	"Source/DiscGolfCharacterFramework/Private/DiscGolfCharacterCustomizationComponent.cpp"	"11786"	"CABF78569B89D11352FD81953EB4385408191600640CE29DDB316CFC727748EA"
"project_plugin"	"Source/DiscGolfCharacterFramework/Private/DiscGolfCharacterFramework.cpp"	"156"	"BC0C2D44131132EEFD6CEE8F3B3C6CF19B8D0A180C3ECCC4C78D5195637A9D55"
"project_plugin"	"Source/DiscGolfCharacterFramework/Private/DiscGolfCharacterProfile.cpp"	"1270"	"BA5FA5508B0199CE6DC58D2CF0D385F54AC0E5FC321FDD16C1D26CE31EEB0A04"
"project_plugin"	"Source/DiscGolfCharacterFramework/Private/DiscGolfCosmeticCatalog.cpp"	"944"	"6A1A2ABF8CA4335FF1A510CDEEAB9F6AE3A1491DF609D512BF951EFBB5CD7989"
"project_plugin"	"Source/DiscGolfCharacterFramework/Private/DiscGolfCourseValidatorLibrary.cpp"	"7420"	"6450D39D0036105C14B92A11ACFF0CE4F696381F4368F5337127DC7C40B20DB5"
"project_plugin"	"Source/DiscGolfCharacterFramework/Private/DiscGolfDiscCatalog.cpp"	"1056"	"2D05AD4EDEE74D5451A6230D6B98301846A36D52288465D292168E9E09519A0F"
"project_plugin"	"Source/DiscGolfCharacterFramework/Private/DiscGolfDiscLibrary.cpp"	"864"	"4553F47267000089E0A9F904BDDA3CB76052A6A9728AC0673E72BE5CA84A9B7F"
"project_plugin"	"Source/DiscGolfCharacterFramework/Private/DiscGolfEnvironmentBridgeComponent.cpp"	"625"	"A16A61A601B8076B4D336D510814693EF0CD206553407C6116D8CF892EB75ABD"
"project_plugin"	"Source/DiscGolfCharacterFramework/Private/DiscGolfOutfitCatalog.cpp"	"930"	"982C7E0546A4364E4ED97A442BBB6EB7185210FC481B1AF2B37CAB11CACE44EE"
"project_plugin"	"Source/DiscGolfCharacterFramework/Private/DiscGolfOutfitComponent.cpp"	"10815"	"75DB4303572EEAF386E73D9C5F91AE14A4F0B43F5B4949A041E276804D522B07"
"project_plugin"	"Source/DiscGolfCharacterFramework/Private/DiscGolfOutfitItem.cpp"	"530"	"2BE016A1922A5D68B10359098276B85D33BEB3A4B9AD2F216D5CE207CB052EB1"
"project_plugin"	"Source/DiscGolfCharacterFramework/Private/DiscGolfPlayabilityLibrary.cpp"	"6240"	"A6721386DC9A0DA5C17FE5F6BBF2F1BCF5C69EE6A685418D816ECFA39078A388"
"project_plugin"	"Source/DiscGolfCharacterFramework/Private/DiscGolfPlayabilityMonitorComponent.cpp"	"4075"	"E1E928415858A4EFBE9001F5CF9963C42A3DC96E73FF3768022DF8BAC01150A7"
"project_plugin"	"Source/DiscGolfCharacterFramework/Private/DiscGolfReplayBridgeComponent.cpp"	"1530"	"4FCCB24C77E5A2DE6E067F066A8BF1AB4677DA6C871EDC6AC5D20A9A4C1C4A2E"
"project_plugin"	"Source/DiscGolfCharacterFramework/Private/DiscGolfScoringLibrary.cpp"	"872"	"DDDCA45B87D472FA8250BC259C74951BA3BF8E531D3F5B076C5344C4845C8D8A"
"project_plugin"	"Source/DiscGolfCharacterFramework/Private/DiscGolfSettingsSubsystem.cpp"	"1705"	"84F0A971D8A721CEA9EA0CA8BE5D31EBC09FF238A77AFBC892E830D0BC3654F9"
"project_plugin"	"Source/DiscGolfCharacterFramework/Private/DiscGolfShotReplayComponent.cpp"	"3277"	"01A414F842B63E30F31F4BA0C76154D104002963CD441E3303E53EDC7C503213"
"project_plugin"	"Source/DiscGolfCharacterFramework/Private/DiscGolfShotTracerComponent.cpp"	"2449"	"9D983B53890769BDE109BE925D196D9A17B32F153D7ECFA1FD6AA00E94F23C75"
"project_plugin"	"Source/DiscGolfCharacterFramework/Private/DiscGolfTelemetryComponent.cpp"	"5331"	"E5E3746E2657AC8A1FDB2BFBDE86B2224324BB737A5FF38C46D0762C672FC273"
"project_plugin"	"Source/DiscGolfCharacterFramework/Private/DiscGolfThrowComponent.cpp"	"4075"	"FA4F543336FA02723BCD49BD9EDB1F625BAC508BBEE4228DAB399A6AF7265762"
"project_plugin"	"Source/DiscGolfCharacterFramework/Private/DiscGolfUIFlowSubsystem.cpp"	"806"	"F26655E1E1D07E25D21B95F8A1E48475BAD0FCE5B72D44237BED8F1E1CBC21EA"
"project_plugin"	"Source/DiscGolfCharacterFramework/Public/AnimNotify_DiscRelease.h"	"607"	"9117F445D80CB1EE5C4C852C1A05585F7E0109CE6C97A0EC3061027D74501DD6"
"project_plugin"	"Source/DiscGolfCharacterFramework/Public/AnimNotify_ThrowFinished.h"	"615"	"80DCCB16FAF67A4DC92AC7503CF77D3BD14E2B01E803A381FFA974A17F3BC6E9"
"project_plugin"	"Source/DiscGolfCharacterFramework/Public/AnimNotify_ThrowPhase.h"	"724"	"C1031A4EAAB1766F5C66338F5ACCE25048046E6FD51EF5FA643494E189B46DD9"
"project_plugin"	"Source/DiscGolfCharacterFramework/Public/DGFrameworkCourseDefinition.h"	"813"	"F51037995A6BE297ED20CC5809E4544B46E74415717CD6789F978D17A18C6187"
"project_plugin"	"Source/DiscGolfCharacterFramework/Public/DGFrameworkEnvironmentTypes.h"	"921"	"25E6FC5289D2E6D852188F51CB1587F3C2B4C7A35F8D789385DE6C12FDA669E4"
"project_plugin"	"Source/DiscGolfCharacterFramework/Public/DiscGolfAIGolferProfile.h"	"674"	"AAD375BE969F66C258455293834E818B310888D6C2097CEE6DB59659637C508F"
"project_plugin"	"Source/DiscGolfCharacterFramework/Public/DiscGolfAIShotPlannerComponent.h"	"1101"	"BC205821E07701932F33D622CD00D5ACE85B9AA82982D6FC2A9C37974E3DCB10"
"project_plugin"	"Source/DiscGolfCharacterFramework/Public/DiscGolfAITypes.h"	"3191"	"3F97A9FEC49FB00C46DD53A943E24ECC6B28AB026342E9BC44008469A63EA315"
"project_plugin"	"Source/DiscGolfCharacterFramework/Public/DiscGolfAnimationLibrary.h"	"1305"	"55280A32018840017CFB1282567B4469BEAE8E959523B2EAF7DA63B61E3FD263"
"project_plugin"	"Source/DiscGolfCharacterFramework/Public/DiscGolfAnimInstance.h"	"1087"	"0638B2E29FC393E65460DAE4CFC125CDD20272E817965E47628C030CAF386C12"
"project_plugin"	"Source/DiscGolfCharacterFramework/Public/DiscGolfAppearanceComponent.h"	"1338"	"CAC65E2B1436FF02101EB8E3234861DA7F44A9A6B0F7916D9C6DEDF2BA3BAB64"
"project_plugin"	"Source/DiscGolfCharacterFramework/Public/DiscGolfAudioBridgeComponent.h"	"976"	"6FA0FC4320601FBF37F330AE9C0E9B82D0927DE51E1E50B05AA36E9F1FFCE5DE"
"project_plugin"	"Source/DiscGolfCharacterFramework/Public/DiscGolfAudioTypes.h"	"1658"	"21FE2ADCF44862312B269308F6C4F24357AFF4ADF2CEF08379C028E99068DF0E"
"project_plugin"	"Source/DiscGolfCharacterFramework/Public/DiscGolfAvatarBackendComponent.h"	"5167"	"FBEE7BB22DB1946EA3E93AF10D98E522C8C27536BBA6FBE29B543BB9B1D684B4"
"project_plugin"	"Source/DiscGolfCharacterFramework/Public/DiscGolfAvatarBackendProfile.h"	"2148"	"5597BD7E3586187288E365F3B6593364F9109BA54679D21B636AE5F32F4ECC12"
"project_plugin"	"Source/DiscGolfCharacterFramework/Public/DiscGolfAvatarBackendTypes.h"	"921"	"6BD2F31BA26273A898497E0F374373AA8238822EBA1AEAAA0B4DCB5E0F94B754"
"project_plugin"	"Source/DiscGolfCharacterFramework/Public/DiscGolfBagComponent.h"	"1966"	"5CAFAE66BD2FEE6C792DE72BCBC51C0441BD60E09799C519487874077DEFC6FE"
"project_plugin"	"Source/DiscGolfCharacterFramework/Public/DiscGolfBrandProfile.h"	"1346"	"196DFBDF6659C93AE2E6671615C18218D334FC0582832B849AD3978344F56B73"
"project_plugin"	"Source/DiscGolfCharacterFramework/Public/DiscGolfCameraDirectorComponent.h"	"1292"	"E316B36D285FA8B415B4E12CE064F95A736747FF34AB6A9E29E9EC17D024ADD6"
"project_plugin"	"Source/DiscGolfCharacterFramework/Public/DiscGolfCameraTypes.h"	"1357"	"1252F0BB0EDCB2DC9F1618179F315ECA89AD9A5D37C74D707A81351B261F6467"
"project_plugin"	"Source/DiscGolfCharacterFramework/Public/DiscGolfCareerSaveGame.h"	"500"	"52476F9C7AA14B739A45B1FF6A0E6BF5568D6697D157A255ED84D9A55C418A6F"
"project_plugin"	"Source/DiscGolfCharacterFramework/Public/DiscGolfCharacterCustomizationComponent.h"	"2542"	"B0228ADF40072DBE7963A9FADEB4264566AF6348175A6A4EF20875F771A15F24"
"project_plugin"	"Source/DiscGolfCharacterFramework/Public/DiscGolfCharacterFramework.h"	"219"	"F8758E8075FD3BC8020C52BF073692B6A206A855FA83C42F6D2EE299396342FD"
"project_plugin"	"Source/DiscGolfCharacterFramework/Public/DiscGolfCharacterProfile.h"	"1226"	"02AA3E7D605F2F19D8DF9833E5D7D8B0482190E65F93D517FE26C20CF0F4A293"
"project_plugin"	"Source/DiscGolfCharacterFramework/Public/DiscGolfCharacterSaveGame.h"	"535"	"53FEA13875996A542701C9440A2CAE2DD01DBE02A6A6B544F39DA4464B416F45"
"project_plugin"	"Source/DiscGolfCharacterFramework/Public/DiscGolfCharacterTypes.h"	"5239"	"6036FC2B8FEC3CBD0C5067FA1527867F05C86F14A5B417AE87ED98853058A51C"
"project_plugin"	"Source/DiscGolfCharacterFramework/Public/DiscGolfCompetitionTypes.h"	"3327"	"EF6096E3689A96B9568AB720D4C49660731C9794D28A17DB16D7727274EB4211"
"project_plugin"	"Source/DiscGolfCharacterFramework/Public/DiscGolfCosmeticCatalog.h"	"686"	"41B0F82AD536476E5D311326798FE9C3F0102D58E49DCA54085852EE40321EF5"
"project_plugin"	"Source/DiscGolfCharacterFramework/Public/DiscGolfCosmeticItem.h"	"1698"	"1FD7AF767F449E215979F9F48CAE4051FC3E938635E2112B5399BE4B65C9FEAA"
"project_plugin"	"Source/DiscGolfCharacterFramework/Public/DiscGolfCourseTypes.h"	"3492"	"97770F6B1C662D33D0FD64ECBBBEEA40334F83BB5CAC7CF64F127795A152FF2B"
"project_plugin"	"Source/DiscGolfCharacterFramework/Public/DiscGolfCourseValidatorLibrary.h"	"687"	"9F355E56E562B14BD2F9F07006C54E05095B21499EBF59A4C9459DB099CF1074"
"project_plugin"	"Source/DiscGolfCharacterFramework/Public/DiscGolfCustomizationTypes.h"	"5434"	"DA41BAA71338758AF8E499950AE0CFF32284C0E3DEA6311412BA91317AB82545"
"project_plugin"	"Source/DiscGolfCharacterFramework/Public/DiscGolfDiscCatalog.h"	"860"	"0DE0A94E3253681119CEEB53C99D0D2699DA433A3E50242EFACCF4B3A49403F7"
"project_plugin"	"Source/DiscGolfCharacterFramework/Public/DiscGolfDiscDefinition.h"	"1572"	"1BDD85910B91342FADB27CEAAA593E879C47078AB5CC0494FC43F9F278EA5105"
"project_plugin"	"Source/DiscGolfCharacterFramework/Public/DiscGolfDiscLibrary.h"	"650"	"2552DBB3820FC3BA9E8921910681CFC619E9E76636535DBD6068FA9783A4A61A"
"project_plugin"	"Source/DiscGolfCharacterFramework/Public/DiscGolfDiscTypes.h"	"5852"	"70B11A744171E7D21A3DB7653DDB7D4856F4EB303BAE3367EB736C4314AEDCB7"
"project_plugin"	"Source/DiscGolfCharacterFramework/Public/DiscGolfEnvironmentBridgeComponent.h"	"928"	"512256EEAF3E1639762984ECD39A1C3F36F53787D109B5FD03C1678810339590"
"project_plugin"	"Source/DiscGolfCharacterFramework/Public/DiscGolfFlightRegressionSuite.h"	"2525"	"0F20A1BB5A9BDC6E2D507A36A77229D586B6833EF1E12C688D302946E3D623AC"
"project_plugin"	"Source/DiscGolfCharacterFramework/Public/DiscGolfOutfitCatalog.h"	"702"	"B899D6381A50B0710D44CF29B39250364B00EF5355FF491B124B554CC5563E83"
"project_plugin"	"Source/DiscGolfCharacterFramework/Public/DiscGolfOutfitComponent.h"	"3065"	"8FC8E2D51E8185B5A670E3D75DA25225748FA7410C2568B5CB554774D98F1715"
"project_plugin"	"Source/DiscGolfCharacterFramework/Public/DiscGolfOutfitItem.h"	"2628"	"C34223133632E38862389D5CD202D905C165E1658C14024C1DCFD011795690C6"
"project_plugin"	"Source/DiscGolfCharacterFramework/Public/DiscGolfOutfitTypes.h"	"1931"	"D8EC5F35D2515F4850FA9BD94CF1B4F19D8BD9E87AC73444FF99F6183D480328"
"project_plugin"	"Source/DiscGolfCharacterFramework/Public/DiscGolfPlasticDefinition.h"	"1009"	"9D650F33D52C1D92F9250260AF180AF6231FE498BC2EEDD009B73CC2EA45758A"
"project_plugin"	"Source/DiscGolfCharacterFramework/Public/DiscGolfPlayabilityLibrary.h"	"890"	"C420852E55957EC7CC1913C10F8DCD7D8815C7D32DCDA409D0C9C2DC60D7BBB4"
"project_plugin"	"Source/DiscGolfCharacterFramework/Public/DiscGolfPlayabilityMonitorComponent.h"	"3029"	"CB6A204DA90E15E3782B9E5678E15681AD292E8E304E101880B3BF7E2566DB81"
"project_plugin"	"Source/DiscGolfCharacterFramework/Public/DiscGolfPlayabilityTypes.h"	"3357"	"77A5471CB7ED6890789F000E213A9E74F9BD1C4B45F76A92C3A8EE7DCB7D2856"
"project_plugin"	"Source/DiscGolfCharacterFramework/Public/DiscGolfPlayerProfileSaveGame.h"	"966"	"EB84A3BDDAB90C4083852F585465F72E5E3EB2BD5A5BDD800625624A0F4B2811"
"project_plugin"	"Source/DiscGolfCharacterFramework/Public/DiscGolfReplayBridgeComponent.h"	"1438"	"EDB22D35A9546A30FB919438405BB01714FB858CCE8FC7B7F1945CF015ECD8B5"
"project_plugin"	"Source/DiscGolfCharacterFramework/Public/DiscGolfScoringLibrary.h"	"702"	"EA9BF8F888C36F3068BA1059021077719E5116672D870755B40315B8BE6757DE"
"project_plugin"	"Source/DiscGolfCharacterFramework/Public/DiscGolfSettingsSubsystem.h"	"1061"	"8CEDB617F3846EB4272028FECC5C7C4033823C24D885B152113DCFCCDA07A3DE"
"project_plugin"	"Source/DiscGolfCharacterFramework/Public/DiscGolfSettingsTypes.h"	"4538"	"A8C28B1CB418D3D8FD4AB0E9353900E86B3F7296828E21869E71420047AD2344"
"project_plugin"	"Source/DiscGolfCharacterFramework/Public/DiscGolfShotReplayComponent.h"	"1745"	"8E0A6DD5F10D5F9E06F6CFC967D61785DD9DA0206A7D787F3E2426217C5C3465"
"project_plugin"	"Source/DiscGolfCharacterFramework/Public/DiscGolfShotTracerComponent.h"	"2131"	"4100778E933D627046061E74E1A430FBD71ACC3C8D313FF51E12CECDDE50EEC9"
"project_plugin"	"Source/DiscGolfCharacterFramework/Public/DiscGolfTelemetryComponent.h"	"2849"	"3C67772DD0F9B808A17A0245B954B9B02D25C54D8EFE4343177236BA7004B02F"
"project_plugin"	"Source/DiscGolfCharacterFramework/Public/DiscGolfTelemetryTypes.h"	"5005"	"BF5580D0EA00F8165088315D64272E85BD7516C143B45EB8B78F052BD932C1F2"
"project_plugin"	"Source/DiscGolfCharacterFramework/Public/DiscGolfThrowComponent.h"	"2375"	"749D1120FF0CCDF5516B13743DDAEB1FE92EC2DEC876E5AD02E6CECE24210C18"
"project_plugin"	"Source/DiscGolfCharacterFramework/Public/DiscGolfThrowLabSaveGame.h"	"525"	"153849B2BC9A97FFD25AB0CF4A6BC8DB237C5C58BE1D7592102A82A1BCCF6CCC"
"project_plugin"	"Source/DiscGolfCharacterFramework/Public/DiscGolfTournamentDefinition.h"	"990"	"6ED4927A2BE407677C605D56F198CF0B25B2D32070FB6813341001578E511A7F"
"project_plugin"	"Source/DiscGolfCharacterFramework/Public/DiscGolfUIFlowSubsystem.h"	"950"	"9CA7890B7D17BD3253AF5622F07076946EC0E782A7B36E182881AAE703E7E3E9"
"project_plugin"	"Source/DiscGolfCharacterFramework/Public/DiscGolfUserSettingsSaveGame.h"	"518"	"432405F159B0B79307FFD248E7A2067EE7EEA8651D92E3F53DCD6F088F25223F"
