fab_greenbuggames_stump_scanned	Maps/Demonstration_BuiltData.uasset	1147072	E02EF629C19A3D8BFBBCABB72337165CC21A97F179DC5EEA434097F1F98A12B5
fab_greenbuggames_stump_scanned	Maps/Demonstration.umap	68674	1B869FB95931F407B4AC87EEBAEFEBA294E430D5F496E5343205124CAEE41A5B
fab_greenbuggames_stump_scanned	Materials/Stump_1_Inst.uasset	166933	EA4EE79A54960BC99854F31162506119E5707D7ABE59935C386EE4840ECB6A4D
fab_greenbuggames_stump_scanned	Materials/Stump_10_Inst.uasset	174604	640883FDD5B3F9D7D98B33FB8D8E07B8E5A19B06CC6B94377D717331D73750F4
fab_greenbuggames_stump_scanned	Materials/Stump_2_Inst.uasset	171909	EF04CCA49DF26538D5B32C67B7AE2339791529ED700177660D8E3000F1AA7DD8
fab_greenbuggames_stump_scanned	Materials/Stump_3_Inst.uasset	171944	B77039C3737DD3392471E7EF05FFA0A2B5CCEB771CEF315A35DF35DDCC8101BC
fab_greenbuggames_stump_scanned	Materials/Stump_4_Inst.uasset	177682	A12FEACA056214654514B1E336CF864B35EB6E081DDAC48AB508A1D57A5E01EA
fab_greenbuggames_stump_scanned	Materials/Stump_5_Inst.uasset	177165	72941D4CDB12EE89F9FA866B47BE257DFF5FB27581B3E4DD36F9C836F64AB741
fab_greenbuggames_stump_scanned	Materials/Stump_6_Inst.uasset	175700	93C560831017385117F794A96CF2B6B4A0A1E67C03FF14BF87C639CDC3EAA4F7
fab_greenbuggames_stump_scanned	Materials/Stump_7_Inst.uasset	171359	FB61F7CB434971431C3A7D123E558FFF55C1170D2002EF730BE780DD3488C848
fab_greenbuggames_stump_scanned	Materials/Stump_8_Inst.uasset	173611	70B0510BAC6FDE1F201D69FF304E280CED7FDC0B9E182F7B5C70A9C89734A94A
fab_greenbuggames_stump_scanned	Materials/Stump_9_Inst.uasset	168424	248CA81494CF9223EB6C185A868E2B9AA1790CE0343A7B3355F026206A47F2D9
fab_greenbuggames_stump_scanned	Materials/Universal_Mat.uasset	170844	28594C88743A59A564BB37E88AA2626ED4F201DE3FD7F36D4D88435240EDAFF8
fab_greenbuggames_stump_scanned	Meshes/Stump_1_mesh.uasset	1530133	29BDBF8D99A2295977652D57A7BD872B7546B64B2509F0B68CDC96DF665C77E5
fab_greenbuggames_stump_scanned	Meshes/Stump_10_mesh.uasset	1566043	A9E3C2D690EBE7F675C39BF8E8C536F5FE5E6E59DF281C723D5E54546F03C893
fab_greenbuggames_stump_scanned	Meshes/Stump_2_mesh.uasset	1167781	8B1E7B2014B625F5BDCEE1CD88BC527A99FED1444605AA4C1720AB4446E85B52
fab_greenbuggames_stump_scanned	Meshes/Stump_3_mesh.uasset	1423858	63072B779E215E01E411CD4489CC7691544868DFF5ACFC1CAF21807676ACF67C
fab_greenbuggames_stump_scanned	Meshes/Stump_4_mesh.uasset	1593534	287CC0C033977561327E3E1436A46BD5FB5C7EBA68A8B8880FBB80A2833349E6
fab_greenbuggames_stump_scanned	Meshes/Stump_5_mesh.uasset	1606188	51ED57E4C2447AD9D57F7A6E5EECBB30DE79A5D43CF4E46BC4A2BA5717CA7765
fab_greenbuggames_stump_scanned	Meshes/Stump_6_mesh.uasset	1782098	6C6FAE34B53BD8AFAAC530F4142784528E6B2B23D12A760D56E189745DC92C4B
fab_greenbuggames_stump_scanned	Meshes/Stump_7_mesh.uasset	1654416	C1CE195B4D6A11DE61A249E302CA16A19CC73A8175EA15A320CF7744AA8FB86C
fab_greenbuggames_stump_scanned	Meshes/Stump_8_mesh.uasset	1579240	3A5A28789C39498AE65C033A020E28E32B07B6776D8516305B4DA89F3705D778
fab_greenbuggames_stump_scanned	Meshes/Stump_9_mesh.uasset	1029340	09EA2D69E2CCA7F58E44D0463CF9B4DA06529CB8553CCCE2CAFFC4D70B7C8E10
fab_greenbuggames_stump_scanned	Textures/Stump_1_albedo.uasset	26511900	87C8D4C8EA953B2E990D4F701D1BC0A85A6CB11C7FF92616C2F70564BB73D858
fab_greenbuggames_stump_scanned	Textures/Stump_1_ao.uasset	15295689	314894F532E64F9B80DBDAE2E4A2DCF5655B4EFD683AB6CBE22D588B9C5068C9
fab_greenbuggames_stump_scanned	Textures/Stump_1_normal.uasset	34461199	0D4B5DD33B04B1E411EF2206937A667CACD8B467A3C66BE765D42C170FA839EC
fab_greenbuggames_stump_scanned	Textures/Stump_1_specular.uasset	2993180	CF331F6D8E127070F115D0D16CFBF2EC0097374197671469AFDFC735F91160A2
fab_greenbuggames_stump_scanned	Textures/Stump_10_albedo.uasset	22662021	5EC4EA349693C4E5242625EF7DA2B6937414999E2BDB8957EC07EB2472A702BD
fab_greenbuggames_stump_scanned	Textures/Stump_10_ao.uasset	11630686	6EA6539E3C694C6E45C2481AF77C3BAE6E7AB997D75FB5811CCFAFED7EC75A22
fab_greenbuggames_stump_scanned	Textures/Stump_10_normal.uasset	28766996	4B05870D9B4F4379A9B6E3635C389170D8E4E943C20A125E52943CD9AB589DAD
fab_greenbuggames_stump_scanned	Textures/Stump_10_specular.uasset	1478010	93D385E90827EF1E71EE358D76884B9696C1DF305D6D725418743132634A3F02
fab_greenbuggames_stump_scanned	Textures/Stump_2_albedo.uasset	20441094	DD10560121A392D889971BE7DDCD13211D6A33DB6D07AE9E48353BB506A604AC
fab_greenbuggames_stump_scanned	Textures/Stump_2_ao.uasset	11047598	157DE5F4D260A7C8A03046D48179BC6A8953ABB4E1BB6AEA49F82828982C8BB2
fab_greenbuggames_stump_scanned	Textures/Stump_2_normal.uasset	27312792	D243930F02C4B27E97766529F2091338ABC2697D8663517F695F515356958CE6
fab_greenbuggames_stump_scanned	Textures/Stump_2_specular.uasset	948771	07EE0FA78B841CBA31D2C423F5D2360066A70013A7506DE68BC4FDB3863DD5D7
fab_greenbuggames_stump_scanned	Textures/Stump_3_albedo.uasset	22977582	6AD01B8F383652F5429359C452A33317B45A62E0D47F0EA37C7F16866C6B731B
fab_greenbuggames_stump_scanned	Textures/Stump_3_ao.uasset	12417643	5B6C2EF2C56EB5349DD7622D4B130B87D6C4E18113118E9FE8CD678840C764D7
fab_greenbuggames_stump_scanned	Textures/Stump_3_normal.uasset	30887273	06062406799C6F4E609B47CA01420B34BBB6E1723B2C0482168C81DE258E37BE
fab_greenbuggames_stump_scanned	Textures/Stump_3_specular.uasset	1441568	934212BECBA0C157ADFF6B7FAAE2A66C451C171B23AB3A22B3225A5F59502799
fab_greenbuggames_stump_scanned	Textures/Stump_4_albedo.uasset	22653900	29EDD9AFFD1C30A1425E1B3A545D0530B136B82E9F1A09BE8EB88ECD9699DC45
fab_greenbuggames_stump_scanned	Textures/Stump_4_ao.uasset	12869505	2AF3DBD1F591BC2D19AF762CFA3F9EE03501DCF2021C39A2121EE5A2BDAB5FB5
fab_greenbuggames_stump_scanned	Textures/Stump_4_normal.uasset	35446645	63AAB0EE1FDA7C33EFFA1E5830B95F43117A82F0A230459464D150C6994DC9B7
fab_greenbuggames_stump_scanned	Textures/Stump_4_specular.uasset	1494883	F03271EF3D20CB2937BFAE8DBA071C7E1E867346C12BB782D835F2114DE17605
fab_greenbuggames_stump_scanned	Textures/Stump_5_albedo.uasset	19398305	5EAF8A2A6B8EAD5970174A65D8139A48C12F64B283AF0BE948085D4A03546888
fab_greenbuggames_stump_scanned	Textures/Stump_5_ao.uasset	11217946	93D37F831F297D79E02C03752BD3B596061769293F2B7660324985D1A8DFDC00
fab_greenbuggames_stump_scanned	Textures/Stump_5_normal.uasset	31402518	7BE053797BC90568E75A7F6197C2F61415F0E90BBECF266FD5A479A43842B467
fab_greenbuggames_stump_scanned	Textures/Stump_5_specular.uasset	437714	8663EAF6664F87A6343FD7E93C650D7EFC93D9CBAED51E5A43153828DA829AE9
fab_greenbuggames_stump_scanned	Textures/Stump_6_albedo.uasset	21198836	16240F5B5F5AC839A0306D6FFC0D7EE7071C007003D06400DACD560C63911A3B
fab_greenbuggames_stump_scanned	Textures/Stump_6_ao.uasset	11504906	9FAD3FC9C2CA3A2CF175AED926F97F3A0E014559190052E9114DA4B6F3F71D45
fab_greenbuggames_stump_scanned	Textures/Stump_6_normal.uasset	28712768	B0523F059DA15DC1A2F8E1284E037F8B6D438ABDF2CD0EA4584070AAAD19CD63
fab_greenbuggames_stump_scanned	Textures/Stump_6_specular.uasset	2046034	197FDFFC2545F90A267E1236EF8C130F3334D6D55D6A5DE585C1E390A9C5FDE0
fab_greenbuggames_stump_scanned	Textures/Stump_7_albedo.uasset	19612965	0C8B9AB523825446E8CD9B61D8DFBAD90039A08AD91DB6229A1F54A094ADBE5C
fab_greenbuggames_stump_scanned	Textures/Stump_7_ao.uasset	11338731	BDC23967DCCB209FAF431D85B24EA66BC2D430E92E6467AC41237EA259900CDF
fab_greenbuggames_stump_scanned	Textures/Stump_7_normal.uasset	30856550	74A4F7448062E7629F12FD928EE0EA0088E982A758567AE99F883C7F828AAE17
fab_greenbuggames_stump_scanned	Textures/Stump_7_specular.uasset	1802684	0CB1D89734B761C031E042849D432525B95FB6B7049C009E5A2BCD5F6B7E4029
fab_greenbuggames_stump_scanned	Textures/Stump_8_albedo.uasset	21483550	6305A5EE0A59D83DABEABB81E851AE473D6DF1FF8D1AB8DC74A79687EA06CEA0
fab_greenbuggames_stump_scanned	Textures/Stump_8_ao.uasset	12746837	D1E2B9A4302DFCA13D1510700C44CED2FE81464A654CA4D860881B60781749A5
fab_greenbuggames_stump_scanned	Textures/Stump_8_normal.uasset	31989087	6442DE9B721ED7E8D909FDEA311B29DBC00FFB5B9FBC1B2CC21784CC715E5FE7
fab_greenbuggames_stump_scanned	Textures/Stump_8_specular.uasset	1367419	5D43BB9FBAC37DA5B8C147C332D80AE955E1204269587877924B63CAE2A1C975
fab_greenbuggames_stump_scanned	Textures/Stump_9_albedo.uasset	21068944	1914DB541D407FC688964ACC7854DEA052CB8170944B339A237CF250E694C694
fab_greenbuggames_stump_scanned	Textures/Stump_9_ao.uasset	10973885	4698342A105E8C8BE0BCDC50DD75420DE8384B12E1AE24A21E9A6A536DCB6A92
fab_greenbuggames_stump_scanned	Textures/Stump_9_normal.uasset	28037245	F29646D44AFDDCA30DD2B9E727638614DB7A6114CE52EC7BB36822EE58A7A2A3
fab_greenbuggames_stump_scanned	Textures/Stump_9_specular.uasset	1279220	0AD8AEB4547729460E2D4FF3261C52FC5D90D99FB9BE7C1E4A66A3818C6BFFCE
fab_project_nature_spruce_forest	Blueprints/PN_Bending_Component.uasset	84280	C38FAEBBCB9D362B52404DD3D4148CFA6FD3FBB8213554BF9C3E233C65F7A36F
fab_project_nature_spruce_forest	Blueprints/PN_GlobalUpdater.uasset	265573	7A46E12ADFE5BB12F1C6C2F2FE601A0F9EAEEBE150A40BA9CBE887674781ACBA
fab_project_nature_spruce_forest	ExampleContent/Interaction_Ball.uasset	90113	2CFD7B8A1D80A05CF6D5E32954FEC975BBAC2C49B27F112BF6B6D2B5D89DCC77
fab_project_nature_spruce_forest	ExampleContent/Summer/MI_GroundSummer.uasset	150212	B40314601ECE842D6F61E41147EEB9FEBBA3BF6C816FC18202DC31EB0A0EAAB9
fab_project_nature_spruce_forest	ExampleContent/Winter/Materials/full/high/spruce_full_01_branch.uasset	165596	2A6034421BA754110F80F09CF5D130C556CD0D82816E28ECC20A409A44A3FA08
fab_project_nature_spruce_forest	ExampleContent/Winter/Materials/full/high/spruce_full_01_leaf.uasset	176785	876D5AD665CBEB19421C0D209731C4B81D7A21453C0D99B33DE44F13E4345E17
fab_project_nature_spruce_forest	ExampleContent/Winter/Materials/full/high/spruce_full_01_MA.uasset	180570	BAE78850A8E58DECE85F274BAD60BAF500D4862982F8E5FC2228E4D52CE26531
fab_project_nature_spruce_forest	ExampleContent/Winter/Materials/full/high/spruce_full_01_trunk.uasset	143531	11600A3C7C4B39C76585717AFF620416421EEBDA4BA69B9319A0622FC45873CD
fab_project_nature_spruce_forest	ExampleContent/Winter/Materials/full/high/spruce_full_02_branch.uasset	150097	2E8E93C4F6F5650CD0335F2F8C4AD7ED17DFEAFAEFFE4C108ACF5140A460005F
fab_project_nature_spruce_forest	ExampleContent/Winter/Materials/full/high/spruce_full_02_leaf.uasset	183306	E39D0D56280EB816EE33F1A6BBB13CB1AAEB00173AA2B1BA5DFA9D7D4D7B5D02
fab_project_nature_spruce_forest	ExampleContent/Winter/Materials/full/high/spruce_full_02_MA.uasset	188445	2BCE5043DCD4C095568397F32829A718E09BF710BDF3621187B6FC8139387B13
fab_project_nature_spruce_forest	ExampleContent/Winter/Materials/full/high/spruce_full_02_trunk.uasset	147584	0E28A7578B504C4DC458465979D125097578924B3C5F5E9F114C70DA49934ADB
fab_project_nature_spruce_forest	ExampleContent/Winter/Materials/full/high/spruce_full_03_branch.uasset	149585	445BA5AB0EE6CAB1A63652C83DF5390E4C21255C67AC1DD2924AB5E77A3470BA
fab_project_nature_spruce_forest	ExampleContent/Winter/Materials/full/high/spruce_full_03_leaf.uasset	173156	1CF473425171EFE04214BD52A9163AECA1D20A7CF436858653C8183115F69E01
fab_project_nature_spruce_forest	ExampleContent/Winter/Materials/full/high/spruce_full_03_MA.uasset	176419	5D31A179EB6DEF39DF3509539A8348CD1786CFA48FB64957372EA99656C55042
fab_project_nature_spruce_forest	ExampleContent/Winter/Materials/full/high/spruce_full_03_trunk.uasset	145537	C2CD7CAB397B1E57943E44D297B7134CB70DADA24386F595488B14D73C31F1AF
fab_project_nature_spruce_forest	ExampleContent/Winter/Materials/full/low/spruce_full_01_low_branch.uasset	148549	90B5942A329191512339B5B6B5A5D069026FCB2D7FFF0F0F75CAA40D34D14EA5
fab_project_nature_spruce_forest	ExampleContent/Winter/Materials/full/low/spruce_full_01_low_leaf.uasset	180337	43EC4519B5768707F88BBA218B697B1C35F9B19DB2781DD1B13E013D6FD30668
fab_project_nature_spruce_forest	ExampleContent/Winter/Materials/full/low/spruce_full_01_low_MA.uasset	185846	76B0710C62D226ED0ED3A4A8256B186205630E84826E51BDC20446736202D0C7
fab_project_nature_spruce_forest	ExampleContent/Winter/Materials/full/low/spruce_full_01_low_trunk.uasset	148270	8F10EF7E28460679F70D8063C489A3C490908E1201A5E972C1BD557961F07946
fab_project_nature_spruce_forest	ExampleContent/Winter/Materials/full/low/spruce_full_02_low_branch.uasset	159355	0A4AB5903681CE5B037F713258CD6B5244FD44985976B1F4A216CFB36856BC62
fab_project_nature_spruce_forest	ExampleContent/Winter/Materials/full/low/spruce_full_02_low_leaf.uasset	187049	C05C8181D7C4918960CA4851213F96EE2A8CC318189C09580A4F0336717EAFC2
fab_project_nature_spruce_forest	ExampleContent/Winter/Materials/full/low/spruce_full_02_low_MA.uasset	192768	4627FEB40739FC954AAFDB2D392CF7771738F4F73F55581E25D95518F7ECAF33
fab_project_nature_spruce_forest	ExampleContent/Winter/Materials/full/low/spruce_full_02_low_trunk.uasset	161105	E52694E12C1B77EFEBDA1BA343B4D52947D2BE18800B2CDF4C51164F9D82DE5D
fab_project_nature_spruce_forest	ExampleContent/Winter/Materials/full/low/spruce_full_03_low_branch.uasset	149537	65DA8DD6393AA5C7DF9C2ED8DF07585B1F6970D5177A369AAA81E9AFF3271D78
fab_project_nature_spruce_forest	ExampleContent/Winter/Materials/full/low/spruce_full_03_low_leaf.uasset	176935	523CB2F2937C4B287DFE76C4DD5F8D842B7B418787C5972581C3B174FB64AB18
fab_project_nature_spruce_forest	ExampleContent/Winter/Materials/full/low/spruce_full_03_low_MA.uasset	178568	348BF5A003508EAAC22703170C34A03EEB914B17F8A627AAF69B06537696E7EA
fab_project_nature_spruce_forest	ExampleContent/Winter/Materials/full/low/spruce_full_03_low_trunk.uasset	153724	F34BFD44C8A4B7AC98C03461FC32377362178D32B9496C9C392A741B76E9C2B2
fab_project_nature_spruce_forest	ExampleContent/Winter/Materials/half/high/spruce_half_01_branch.uasset	131745	6FA268F63057EF3F0541C1010CAFCDD314259DF753C71F8E20EFF9D884BB9E4E
fab_project_nature_spruce_forest	ExampleContent/Winter/Materials/half/high/spruce_half_01_leaf.uasset	153355	4A86BE1AA48E33CE020E8A5DAAF053F3D1FEA5711083FECF6FEFF99E60A37206
fab_project_nature_spruce_forest	ExampleContent/Winter/Materials/half/high/spruce_half_01_MA.uasset	114523	CA3B0A311F7046DB637756C85BD82CFA71F32B4C29E8A4C5E82BC9BF642CBFCB
fab_project_nature_spruce_forest	ExampleContent/Winter/Materials/half/high/spruce_half_01_trunk.uasset	136033	03AFE88BAF4DFA175B29D855F94AED99D110FC80316E1FA5816DD6CE00DE1F08
fab_project_nature_spruce_forest	ExampleContent/Winter/Materials/half/high/spruce_half_02_branch.uasset	141323	C12E03C0D3C58A4D269EAA513AFE77971F8D479B3AAD14D8B9F0388291D17873
fab_project_nature_spruce_forest	ExampleContent/Winter/Materials/half/high/spruce_half_02_leaf.uasset	160370	8DD817ED0233F18BA16EF1A6A46EF3100801DA2F4BC1BC1D5C33CF283960E46B
fab_project_nature_spruce_forest	ExampleContent/Winter/Materials/half/high/spruce_half_02_MA.uasset	114540	1C92DACA3E7E9F68355425E2CB5EFDD04295B91AB7B151BD1E895EBEF93A27AA
fab_project_nature_spruce_forest	ExampleContent/Winter/Materials/half/high/spruce_half_02_trunk.uasset	143792	C7313C2BD91119A7883FECE20E82997223C946F41F42A8F7FB7B31BB5B0BC5D7
fab_project_nature_spruce_forest	ExampleContent/Winter/Materials/half/high/spruce_half_03_branch.uasset	143195	D21358A0C4DD0E9785407113780B530D6F684B03AA9997C59B4A4F0E0C62DF19
fab_project_nature_spruce_forest	ExampleContent/Winter/Materials/half/high/spruce_half_03_leaf.uasset	165835	F52C75C3B5FBB80B6085EF07DF96E1CF7D7704210E4237F8AD90857236F26051
fab_project_nature_spruce_forest	ExampleContent/Winter/Materials/half/high/spruce_half_03_MA.uasset	114234	80D03920B49B93AE6FA7B92B57707024CA5E61B820B1A58BE6AEF9CABC74BF6D
fab_project_nature_spruce_forest	ExampleContent/Winter/Materials/half/high/spruce_half_03_trunk.uasset	147084	4C7E0FD4E4F07D509FCF9C960DE1B49127FDA3A029CC291C8EF9CECEEA9254F0
fab_project_nature_spruce_forest	ExampleContent/Winter/Materials/half/high/spruce_half_04_branch.uasset	140750	77BE8306C804D457588886B00BC606F730806FF008EFA43ECDF3BFF5017207F5
fab_project_nature_spruce_forest	ExampleContent/Winter/Materials/half/high/spruce_half_04_leaf.uasset	167478	B7243CD280C61E862E881A702C145A3C3C545DCF1317F34018F910739D541A03
fab_project_nature_spruce_forest	ExampleContent/Winter/Materials/half/high/spruce_half_04_MA.uasset	114540	1056D5895984E1C5599EE6E88F6FEEBC4AD60CF075838D77BC168518B9830A5E
fab_project_nature_spruce_forest	ExampleContent/Winter/Materials/half/high/spruce_half_04_trunk.uasset	144984	4BCF5C66EF88E8187272421EE7C35B5D523D48921AA837581D166C7CEAA41B9D
fab_project_nature_spruce_forest	ExampleContent/Winter/Materials/half/low/spruce_half_01_branch.uasset	139550	3FF699E8F50ABE0D636D1D1F60AAF73CADCC0CA6B9CC3CA8D8C6B707CF564CCE
fab_project_nature_spruce_forest	ExampleContent/Winter/Materials/half/low/spruce_half_01_leaf.uasset	142702	E07CDAB891F95F3D1D88041DBCC5DFCB95D54369995C5A21B18BBC2392C758E1
fab_project_nature_spruce_forest	ExampleContent/Winter/Materials/half/low/spruce_half_01_MA.uasset	114536	31A686C12E443B37E1C069222013C05D744E961CE89A699AC0A8F395960F4B7D
fab_project_nature_spruce_forest	ExampleContent/Winter/Materials/half/low/spruce_half_01_trunk.uasset	133752	683AADDF7F76397466DC4CEB6D92AB2237C208F519EBB118C7862D1D4E505D5D
fab_project_nature_spruce_forest	ExampleContent/Winter/Materials/half/low/spruce_half_02_branch.uasset	135183	6B7D413DFE494B80427ED515A95A1F38BB6E011786D52EE1B20BD23FEA41D4A7
fab_project_nature_spruce_forest	ExampleContent/Winter/Materials/half/low/spruce_half_02_leaf.uasset	143940	235705632181F739DEE11F392CA9388EFD33B1491FF7D32577EF6DA0BF138F92
fab_project_nature_spruce_forest	ExampleContent/Winter/Materials/half/low/spruce_half_02_MA.uasset	114247	38E07D83B67A17A4A2661D8E7BFAD5BB102126F5167E91FE4DC02B4566A78739
fab_project_nature_spruce_forest	ExampleContent/Winter/Materials/half/low/spruce_half_02_trunk.uasset	138413	E8347A64F4D19F9C091E57A4D9801D7A96742B67E9F4E1D50C5E5996E93E5F17
fab_project_nature_spruce_forest	ExampleContent/Winter/Materials/half/low/spruce_half_03_branch.uasset	134988	6C979C24C0011D33CF4641CD02978D05FF8B0863A49E6FF010868707F8726B6E
fab_project_nature_spruce_forest	ExampleContent/Winter/Materials/half/low/spruce_half_03_leaf.uasset	140336	5B49A22FACA158570FFA0A999112FAE0CB0450AFC6DA7A16F2D8D0DD04B75292
fab_project_nature_spruce_forest	ExampleContent/Winter/Materials/half/low/spruce_half_03_MA.uasset	114247	B39EC900D5FBDC7B05AFC0052BB1F810819545A1079A1C9636032E91910E3010
fab_project_nature_spruce_forest	ExampleContent/Winter/Materials/half/low/spruce_half_03_trunk.uasset	135310	13A28B89E8B2E62F847BD427602766E573D6AA494A91D85987766E92B211FA6D
fab_project_nature_spruce_forest	ExampleContent/Winter/Materials/half/low/spruce_half_04_branch.uasset	135652	97365CF87804EC3BC7D13E31C6DD3E32D62799D1577F015CCBCD761BD10F3486
fab_project_nature_spruce_forest	ExampleContent/Winter/Materials/half/low/spruce_half_04_leaf.uasset	147280	C190E5951EB83BD5B1FC3F332C6FC0A31C91570F05512C575820D51057F0F029
fab_project_nature_spruce_forest	ExampleContent/Winter/Materials/half/low/spruce_half_04_MA.uasset	114247	CF6A72C95B5CC7FA101ECB4393A91621762E286E64725AE38291A247D8C59B0A
fab_project_nature_spruce_forest	ExampleContent/Winter/Materials/half/low/spruce_half_04_trunk.uasset	141064	B91AA907A0D5E434CF0A35CFBA61EB1F05DCDA756CEDE0EB85B88A046783FDB0
fab_project_nature_spruce_forest	ExampleContent/Winter/Materials/imposter/high/full_01_imposter.uasset	149346	B54537035EA59B2787DCA1222484CFB89F855619CFB28F41642F1393AB3E5F1F
fab_project_nature_spruce_forest	ExampleContent/Winter/Materials/imposter/high/full_02_imposter.uasset	130972	DB31B1A13B47CB0A652BCBA800810ED094D6CA7442A33C052DDA5E620741DDCA
fab_project_nature_spruce_forest	ExampleContent/Winter/Materials/imposter/high/full_03_imposter.uasset	138377	069AA8FA4B2768CBF233A3731012E3055F877F90F5F856DA66B83B518025801C
fab_project_nature_spruce_forest	ExampleContent/Winter/Materials/imposter/high/half_01_imposter.uasset	101257	ED15CC3623BEE4B7BBE52B7DA315D46FD8CB888237B11610265F51D8CADE4FDE
fab_project_nature_spruce_forest	ExampleContent/Winter/Materials/imposter/high/half_02_imposter.uasset	106732	F6BB9E022A272FFE148FD40A9FB844C5715FC85A6F371D679062E458BBFD2D9F
fab_project_nature_spruce_forest	ExampleContent/Winter/Materials/imposter/high/half_03_imposter.uasset	103358	72D30747B30DCE11BFCE83737659922EE35DD9011119FB877B813C055EBA71CE
fab_project_nature_spruce_forest	ExampleContent/Winter/Materials/imposter/high/half_04_imposter.uasset	103632	FB3037AF01BE27FAA19BFA5093FB13FCEB74E27F11968F3AEFE7021F547936B0
fab_project_nature_spruce_forest	ExampleContent/Winter/Materials/imposter/low/full_01_imposter.uasset	152173	66CD2B486C19A3D00764F92881C2452EC6A7BB9A8BFE282D68CCA74E41CB52FA
fab_project_nature_spruce_forest	ExampleContent/Winter/Materials/imposter/low/full_02_imposter.uasset	132258	1D1D7101AC5900218344C3B77D3DBD752E1B2EFB1DCD4B751371769232735EFE
fab_project_nature_spruce_forest	ExampleContent/Winter/Materials/imposter/low/full_03_imposter.uasset	138200	90BEBD48A80E137212BFE2A89B6CDFA7C8C39C38BEE7C16DFE6628F8569EA4EB
fab_project_nature_spruce_forest	ExampleContent/Winter/Materials/imposter/low/half_01_imposter.uasset	101426	A5B2B5ADDD09AD637577D31A7E7D2B57340DD9AE6F78B6D59040266AA41B3BD5
fab_project_nature_spruce_forest	ExampleContent/Winter/Materials/imposter/low/half_02_imposter.uasset	106601	4F48DB577D8350F12F3DC34FD278C1B0181D2B5020865A797D0064B022DC6A9C
fab_project_nature_spruce_forest	ExampleContent/Winter/Materials/imposter/low/half_03_imposter.uasset	103650	0C4F099DE099304A3405D32827B81D05493F3B00E9EBDD29929FFAFEC5CDCF2A
fab_project_nature_spruce_forest	ExampleContent/Winter/Materials/imposter/low/half_04_imposter.uasset	103980	D081E8AA8C7D0724A8D62104174D602A75897FB058F865969439177CA96CECFC
fab_project_nature_spruce_forest	ExampleContent/Winter/Materials/small/spruce_small_01_leaf.uasset	165739	747476AB16EA3B029BC69647D7B1227B37584A72035D06FE8A3DF36FAD9C0205
fab_project_nature_spruce_forest	ExampleContent/Winter/Materials/small/spruce_small_01_MA.uasset	113635	5D44E32BF0F539379C521708BD224A44850B06777339314F2A85A4A64FFF148C
fab_project_nature_spruce_forest	ExampleContent/Winter/Materials/small/spruce_small_01_trunk.uasset	110562	FAD16DA04A13F796EB21E42D3E819BE8FA4A879707D980650977B0B8749575A6
fab_project_nature_spruce_forest	ExampleContent/Winter/Materials/small/spruce_small_02_leaf.uasset	161796	AB4F8CE72DDF3A0ABE5857EF8A58040225924738D99C97143DBF3513F7D280E8
fab_project_nature_spruce_forest	ExampleContent/Winter/Materials/small/spruce_small_02_MA.uasset	113348	00A3E2B4B5F34E9D9C68CB2B5072B5ABDE6557465C7D72A88A57222BF1C2F664
fab_project_nature_spruce_forest	ExampleContent/Winter/Materials/small/spruce_small_02_trunk.uasset	112881	A68F7B950D678D69B4EE4EF0BEC8F4E7B0D4183188F6F552F67AD335173C2D13
fab_project_nature_spruce_forest	ExampleContent/Winter/Materials/small/spruce_small_03_leaf.uasset	165062	2F288967F9759FB2D70C8ACF1EF330385CC67776CC144EA3839989548E193B7A
fab_project_nature_spruce_forest	ExampleContent/Winter/Materials/small/spruce_small_03_MA.uasset	114217	FCFE7FDD64F00169B94D7B348B7AA0354EA17E2FC4AAA570E9592C123C07A281
fab_project_nature_spruce_forest	ExampleContent/Winter/Materials/small/spruce_small_03_trunk.uasset	113102	BF7570DA532A533C3B6A7809BAFB9C1C54A3BDCD9A76E8552D21EAB45939EFA1
fab_project_nature_spruce_forest	ExampleContent/Winter/Materials/small/spruce_small_04_leaf.uasset	169856	0B051B83B77ABEAE205362AB1F1CB0C5168E533CCD16340C967DDB633AA746C2
fab_project_nature_spruce_forest	ExampleContent/Winter/Materials/small/spruce_small_04_MA.uasset	113924	91421F015F0EF900102647EB865733808DC1E212E3C3A486F56D2D53E45B100C
fab_project_nature_spruce_forest	ExampleContent/Winter/Materials/small/spruce_small_04_trunk.uasset	115538	12C1ADAA9220F051D2D34C1077A0BB6A57FF149EE92812306480D441F1407CE1
fab_project_nature_spruce_forest	ExampleContent/Winter/Materials/small/spruce_small_05_branch.uasset	112469	44C51F9F0DB973D7F848CD19CCE8B84A6FC200B5CD3CF16673C4E20D8B97A547
fab_project_nature_spruce_forest	ExampleContent/Winter/Materials/small/spruce_small_05_leaf.uasset	164746	705118C7663594914CF0C5D4A9FB1A28F232B2254A9754334D7751AFC27076D9
fab_project_nature_spruce_forest	ExampleContent/Winter/Materials/small/spruce_small_05_MA.uasset	187055	FE18FFB0A77AEC100732A1501299EF7A11E4EF2695BA885E6F52685FC1F5AB66
fab_project_nature_spruce_forest	ExampleContent/Winter/Materials/small/spruce_small_05_trunk.uasset	112075	C679B1EC5C4C388885B6BDA19B844B6FC7ACFD94EBA0E6BA2E9E8291BCDF66EA
fab_project_nature_spruce_forest	ExampleContent/Winter/Materials/small/spruce_small_06_branch.uasset	112926	DC67CAF7FE730E242594B75ADEC67F83883A005F6338569A52956503533A9A0E
fab_project_nature_spruce_forest	ExampleContent/Winter/Materials/small/spruce_small_06_leaf.uasset	167031	F38898DA27490BFE48A3B64D8ACC6427A883B0CCFCA2D34FFFC9D7F0E802C1D7
fab_project_nature_spruce_forest	ExampleContent/Winter/Materials/small/spruce_small_06_MA.uasset	192348	64E51726EECA54B9EA46803D96BE7EFF25F62C7374705A0CBDA110435DAE607E
fab_project_nature_spruce_forest	ExampleContent/Winter/Materials/small/spruce_small_06_trunk.uasset	114673	E9F1B8CD9B23627A1DF32C647C2F617DE2327363F2F519A20F965BC225CE6072
fab_project_nature_spruce_forest	ExampleContent/Winter/Materials/small/spruce_small_07_branch.uasset	116551	394F5077A582C3A573F5F3455BDE58956E09CAA412AD58904D34F713392BD3F0
fab_project_nature_spruce_forest	ExampleContent/Winter/Materials/small/spruce_small_07_leaf.uasset	165920	1F510ABF160F0CDC0AAFCDE50CE28CA7053AAB671BB5291BF1FAB13B37EB0DA0
fab_project_nature_spruce_forest	ExampleContent/Winter/Materials/small/spruce_small_07_MA.uasset	193012	45F941F712216228B21C7E9CEA79B61B51FDDE79F996264B2F4BFC866F325022
fab_project_nature_spruce_forest	ExampleContent/Winter/Materials/small/spruce_small_07_trunk.uasset	116502	AA52AD998EB88F5C42A5291EC1196DF4DD344C86A18B7E210B6430060B6B25CD
fab_project_nature_spruce_forest	ExampleContent/Winter/Meshes/full/high/winter_spruce_full_01.uasset	3496035	CFD6831C9DD8D3FF6FE0B30C7D7CC50231C26F9F87B7539AB237E05C12197A09
fab_project_nature_spruce_forest	ExampleContent/Winter/Meshes/full/high/winter_spruce_full_02.uasset	7644062	CED75C00F0FEAB171184AEC9C49A1F8403FA6EFD3997F3F76D26E985E87060E2
fab_project_nature_spruce_forest	ExampleContent/Winter/Meshes/full/high/winter_spruce_full_03.uasset	6885107	69F66236250BAE7E83F7FC70D5F40A4C33CACBF4FD6D81EC157ADDDDD8F727A3
fab_project_nature_spruce_forest	ExampleContent/Winter/Meshes/full/low/winter_spruce_full_01_low.uasset	1853798	6AAA944D6FC0AD2CAFCFCAF835DE4E4EC3010FF5DE6AC094C7DBAFAAB78DDD7D
fab_project_nature_spruce_forest	ExampleContent/Winter/Meshes/full/low/winter_spruce_full_02_low.uasset	3392752	E59727D80DB121A80705F43B5A703396F8DFB9F1B34FB91B1F1E088E457FE20F
fab_project_nature_spruce_forest	ExampleContent/Winter/Meshes/full/low/winter_spruce_full_03_low.uasset	3358271	3E40126F92B888F2D1F536B824EF3784A2E4A677F6B7E9DED7081ED196891A0E
fab_project_nature_spruce_forest	ExampleContent/Winter/Meshes/half/high/winter_spruce_half_01.uasset	9632788	C9370EB568D2EE5BD44E11B5595FC7FE10E1820690DE06A3CDA3EF1CDD23A7ED
fab_project_nature_spruce_forest	ExampleContent/Winter/Meshes/half/high/winter_spruce_half_02.uasset	14875637	48FFDFB418D3A7B3686699492B508599C88081CA8F7F19855BE5B8BD687443DC
fab_project_nature_spruce_forest	ExampleContent/Winter/Meshes/half/high/winter_spruce_half_03.uasset	13255900	D5FB0D191FE1DFA262BE235E7B2ED6450B44D04377F7D5BE3ADE75ACD8EE2B73
fab_project_nature_spruce_forest	ExampleContent/Winter/Meshes/half/high/winter_spruce_half_04.uasset	12254041	A06C2D25A927FBFBE6D10EE0AC88949DA148FAE28413861C5A82D8259719DAB8
fab_project_nature_spruce_forest	ExampleContent/Winter/Meshes/half/low/winter_spruce_half_01_low.uasset	4715533	0FE7A6101A16E8A23670AE1CDA529A1E1B084C9124B5FB7537867181B3B1AFB0
fab_project_nature_spruce_forest	ExampleContent/Winter/Meshes/half/low/winter_spruce_half_02_low.uasset	4114688	000CC50D4092EF541DF88A08C1606DDF75F6A56305DC79C990F52F67074A35AA
fab_project_nature_spruce_forest	ExampleContent/Winter/Meshes/half/low/winter_spruce_half_03_low.uasset	9692720	E43383557418C8417248BA2BE859B396FE27A9C4B9AA93F318E689FEA838B055
fab_project_nature_spruce_forest	ExampleContent/Winter/Meshes/half/low/winter_spruce_half_04_low.uasset	9144325	B56A0439C35B084ED4DC93023FA9160F9E4D8AC45C35354D4636471EA306A4E9
fab_project_nature_spruce_forest	ExampleContent/Winter/Meshes/small/winter_spruce_small_01.uasset	121525	B19BE8E832ABAB99FCF924F18F0A4DD83E5900CF35C8B968E17CE5795C1D0AF6
fab_project_nature_spruce_forest	ExampleContent/Winter/Meshes/small/winter_spruce_small_02.uasset	142735	A35D8BDC23AC76BB00620828DA9007DA28E6D14C7DD0168DCDB3FA9FCC782BFC
fab_project_nature_spruce_forest	ExampleContent/Winter/Meshes/small/winter_spruce_small_03.uasset	146784	87F11CEBF34D5AFFBAD761559AAF67BA69EE9085E6B9737E8DAC6660DBE1BBE2
fab_project_nature_spruce_forest	ExampleContent/Winter/Meshes/small/winter_spruce_small_04.uasset	165477	19E528027247BE72F773DD2092AEC967F55B78672178E195ADC3697F6AC7B4B9
fab_project_nature_spruce_forest	ExampleContent/Winter/Meshes/small/winter_spruce_small_05.uasset	732340	48A8F1DF5DCBAEA9F3AD10AA1BB808BE0C154D85813F08362373FB07CA5DCFB7
fab_project_nature_spruce_forest	ExampleContent/Winter/Meshes/small/winter_spruce_small_06.uasset	1601227	371F16E715C1DF1D3CDD3F3B2AA120EEB59CDF4CF380ED9DD8B12BFA56C56F53
fab_project_nature_spruce_forest	ExampleContent/Winter/Meshes/small/winter_spruce_small_07.uasset	1610950	8EBADED2E565330A36441A9B3D6CFB69F9D0FC2DEC81DFE58A1866D8F11FC41D
fab_project_nature_spruce_forest	ExampleContent/Winter/MI_GroundWinter.uasset	127530	57E6F38E84490D0DAC419BFA638235AED94F948BA08D9A5706609E17480E33A4
fab_project_nature_spruce_forest	Map/Interaction_Showroom.umap	1371390	C0D6250A949FE8B57DE3089A5B0583E5550F0F12E23097EB05E3F4E1A428CA3A
fab_project_nature_spruce_forest	Map/Showroom.umap	1203174	A7CBA29A4DDDF9FF539576ABE2968D41DBD3F6E3C5F0FBD61F1AF308AF6E39DC
fab_project_nature_spruce_forest	Materials/MasterMaterials/MA_GroundSummer.uasset	130694	572E5957B00330E501FE2811C3938EBF0EB677DF48B5EAFA8B96375E36055BE4
fab_project_nature_spruce_forest	Materials/MasterMaterials/MA_GroundWinter.uasset	190201	B0306AA752D69725A70B1A478207D636F1C7E5312B00E759BF9CDBE1B9B0CF52
fab_project_nature_spruce_forest	Materials/MasterMaterials/MA_Imposter.uasset	141231	14E68F03DD9BBCE1517CE07F6E6A05C098FBD433F6E01E0563D1991D378D983B
fab_project_nature_spruce_forest	Materials/MasterMaterials/MA_Summer.uasset	357739	9CC8DF56036DDCC13CB90F1EE33A9A36ED34F112279CDAF8C65A438EC1E673B7
fab_project_nature_spruce_forest	Materials/MasterMaterials/MA_Winter.uasset	389317	7943A40C1523F0A3BE059DBFB567D584B6613D47EC105E560564A0260F0F9EC7
fab_project_nature_spruce_forest	Materials/MaterialFunctions/PN_AnimationShader.uasset	213678	49840A9921D942C5718F5F6D8666EE8CAA92D59CC419526C17BF411D43E6DD5D
fab_project_nature_spruce_forest	Materials/MaterialFunctions/PN_Bending.uasset	132047	D303DE519C662DFB8FEF79A64D4E03EA383354B261A7AD9C92330453C125259D
fab_project_nature_spruce_forest	Materials/MaterialFunctions/PN_BendingParameters.uasset	5979	B77472F6ACED54F37511CC82476FD0A629C835EA501A99378A33BF7F20970BAD
fab_project_nature_spruce_forest	Materials/MaterialFunctions/PN_MultiBend.uasset	153792	AAD0782CA69257EF31BEC35E35B2399E3AD8221D135120890DA57AF68C84CE15
fab_project_nature_spruce_forest	Materials/MaterialFunctions/PN_WindAnimation.uasset	164519	2F0E9DAD7F5D3742D6B358F3DD5F554924C3A22173F445D784E52F8BA77ABA36
fab_project_nature_spruce_forest	Materials/MaterialInstances/full/high/spruce_full_01_branch.uasset	168326	E5B775557DF6A39234B1E948BCB87D88DB8D8D6CD2BA6F61F87F152D5114F1F3
fab_project_nature_spruce_forest	Materials/MaterialInstances/full/high/spruce_full_01_leaf.uasset	172689	7958724D667D377CC49E9AC9E44E2E0069CDD50312959FE24782DCF87AEF6F4B
fab_project_nature_spruce_forest	Materials/MaterialInstances/full/high/spruce_full_01_MA.uasset	181298	FC88B735C6400E8E6E92D0E737588E479E95B60E21721A922546F49722951C62
fab_project_nature_spruce_forest	Materials/MaterialInstances/full/high/spruce_full_01_trunk.uasset	182953	7C9337674D4347DFC11B5B0AB6470EC1B8D7F09C49AA0372A9A940625055D1DF
fab_project_nature_spruce_forest	Materials/MaterialInstances/full/high/spruce_full_02_branch.uasset	169854	86DDF40C02DEF8B460D976E1ED76ACB4D4D307C7CDF816DDADDBD2BAE4AD3156
fab_project_nature_spruce_forest	Materials/MaterialInstances/full/high/spruce_full_02_leaf.uasset	171968	9A4B8B8005C6DF7A7D4D84965ED93A40AA6C51301FEAC76CFC671AE5974222B5
fab_project_nature_spruce_forest	Materials/MaterialInstances/full/high/spruce_full_02_MA.uasset	181170	F3FD0A318CF3CDEE136DB180CF8763ACD4FF4F39FCA5B057A6FC43091F9E72E1
fab_project_nature_spruce_forest	Materials/MaterialInstances/full/high/spruce_full_02_trunk.uasset	176610	18F23A3D44A27460040F74FEC82062A5C26E5C8FD191A70E3945874244E1290C
fab_project_nature_spruce_forest	Materials/MaterialInstances/full/high/spruce_full_03_branch.uasset	169845	229B30C59237104770EC74D9A94FCF8399DAF335E59848606A64756EFF50189A
fab_project_nature_spruce_forest	Materials/MaterialInstances/full/high/spruce_full_03_leaf.uasset	172031	6768EE34ADFFDA7A8F1965313093D4F1C319DF39952FFEC0F904B5BCC93A2ACD
fab_project_nature_spruce_forest	Materials/MaterialInstances/full/high/spruce_full_03_MA.uasset	172857	746FD36F05D5D1995487B7C4B770AC69A9BE320B64CC5579A6DC816357DFA96F
fab_project_nature_spruce_forest	Materials/MaterialInstances/full/high/spruce_full_03_trunk.uasset	171481	BEFC8FD88339B8C85E4B9083FBA9A51714F5400CE7451411ACD87ED8A13F3EFA
fab_project_nature_spruce_forest	Materials/MaterialInstances/full/low/spruce_full_01_low_branch.uasset	161711	52ED4075C9F755FF897BDA46F4B3EA619E9966CD2696F1D95EC68F292465BCB1
fab_project_nature_spruce_forest	Materials/MaterialInstances/full/low/spruce_full_01_low_leaf.uasset	172812	05D3E0404751EBEC45FFF0086361D032B9A937BB37FF0D007C955266CB456C81
fab_project_nature_spruce_forest	Materials/MaterialInstances/full/low/spruce_full_01_low_MA.uasset	116267	431DA0775F3C79874BDF2D134C96FC5FF51C5FCF119712C7D05577EC47961BF0
fab_project_nature_spruce_forest	Materials/MaterialInstances/full/low/spruce_full_01_low_trunk.uasset	166072	FEB4C662A7AB324C22EE759BC0517F2FF078689056CB631A2E2758FC1F2DB54E
fab_project_nature_spruce_forest	Materials/MaterialInstances/full/low/spruce_full_02_low_branch.uasset	156403	114904D35D211C695B63DA8235C3A82DFD73A413A89689B86ED553791A0B6340
fab_project_nature_spruce_forest	Materials/MaterialInstances/full/low/spruce_full_02_low_leaf.uasset	175093	5E8F9734B86EFC5A919A2318B1F5590C9C6421979C78E52A635C8BE99711360F
fab_project_nature_spruce_forest	Materials/MaterialInstances/full/low/spruce_full_02_low_MA.uasset	184043	28A081035A5467B6062E64DCC8ACBF58569D5D7A06498446358ECD9F2E46E9B0
fab_project_nature_spruce_forest	Materials/MaterialInstances/full/low/spruce_full_02_low_trunk.uasset	173567	3D6DEA167F71B0402BB7FF9F74906CAA6EEF3414EF202921383B6D8B9F9783DE
fab_project_nature_spruce_forest	Materials/MaterialInstances/full/low/spruce_full_03_low_branch.uasset	143215	A109FE51A670210F196E60D931E351323729710F2D8350F3A7034863260A60E9
fab_project_nature_spruce_forest	Materials/MaterialInstances/full/low/spruce_full_03_low_leaf.uasset	156869	EC6EC454A6A55C133A5B53F1C0B0C467E9BA5BDE47F583833128FCBF55F6BC7B
fab_project_nature_spruce_forest	Materials/MaterialInstances/full/low/spruce_full_03_low_MA.uasset	174191	ECD6C237190B9565FA3F38052D5CBD0823B0E7ACBAA7345EB235C2EA02A07BF5
fab_project_nature_spruce_forest	Materials/MaterialInstances/full/low/spruce_full_03_low_trunk.uasset	152671	401A98EF7B3F4056C052DC65BF0328E11A9F29AA70666C6408692677E71ED89E
fab_project_nature_spruce_forest	Materials/MaterialInstances/ground/MI_GroundSummer.uasset	113970	AD983AE6D86DD16B090C7337D3C46CBFAD7A3924FEC2F34C6B4806CC56B2AC39
fab_project_nature_spruce_forest	Materials/MaterialInstances/half/high/spruce_half_01_branch.uasset	146357	6CAAD7465A70739B14123CB8B568E29618902F7B7D25224EB42D063153C84074
fab_project_nature_spruce_forest	Materials/MaterialInstances/half/high/spruce_half_01_leaf.uasset	150318	9E61A10E8651E64958DCA16F67AA37562C0ACC90E3C020ABC76A354E5FA470FE
fab_project_nature_spruce_forest	Materials/MaterialInstances/half/high/spruce_half_01_MA.uasset	177487	E413FEFA5F709D987F8A84CC1A364F64A79DB4839A2370AA8D633DDE916EEB78
fab_project_nature_spruce_forest	Materials/MaterialInstances/half/high/spruce_half_01_trunk.uasset	150732	EBBE874116EDB2832F6EC66EF64E36592667D18FA6804400A710FC90FE7FB1F9
fab_project_nature_spruce_forest	Materials/MaterialInstances/half/high/spruce_half_02_branch.uasset	146685	D9BE504AAEC3376A2D952EDE9C2B16BD3A75A926B7139302219FD0AE00EA6005
fab_project_nature_spruce_forest	Materials/MaterialInstances/half/high/spruce_half_02_leaf.uasset	155609	5499BB7EF10AC3298B23A2AC2021686B6BE2A26CA15DFDCABF20EB2BC2C26400
fab_project_nature_spruce_forest	Materials/MaterialInstances/half/high/spruce_half_02_MA.uasset	176870	C5D321A97DC2838DE2020A3F1F82F29C0C1C8FCBC242B2AD46BD2E44C15B6968
fab_project_nature_spruce_forest	Materials/MaterialInstances/half/high/spruce_half_02_trunk.uasset	151578	25B13E785B669A7792D9641B88F30419F64AB73B31FF42811344B143D4250284
fab_project_nature_spruce_forest	Materials/MaterialInstances/half/high/spruce_half_03_branch.uasset	143654	250DCDB75B9926115092B85A8D820F7BBB19292AAECCB34766A92A261A3D61BA
fab_project_nature_spruce_forest	Materials/MaterialInstances/half/high/spruce_half_03_leaf.uasset	146297	4A7F0F4222D4CA049E3D244D29F335028129F897BADBF6187FCE7045EB7F8685
fab_project_nature_spruce_forest	Materials/MaterialInstances/half/high/spruce_half_03_MA.uasset	114182	D09005E21153F5BB55FF988E48DD82D24F0F15A36486D1FD3FEB1A71744E3879
fab_project_nature_spruce_forest	Materials/MaterialInstances/half/high/spruce_half_03_trunk.uasset	147725	6A142CCA00363AA16685B697B5D20EB6A23074CBF0F294FD83052950711CDFAB
fab_project_nature_spruce_forest	Materials/MaterialInstances/half/high/spruce_half_04_branch.uasset	141880	5156070F4D6967251CACB707E28FC18A70158F52A082EB8E5D256AC4CA6AF7C9
fab_project_nature_spruce_forest	Materials/MaterialInstances/half/high/spruce_half_04_leaf.uasset	142984	F1571D429746A68BA3AF076F2EEA0BFF0777320EDE63759158AB68AFA37F8AB8
fab_project_nature_spruce_forest	Materials/MaterialInstances/half/high/spruce_half_04_MA.uasset	176309	D96C9C251093740B3A1446C50B19475C719A9D61D40CA97D2F260EAF5E27C3A8
fab_project_nature_spruce_forest	Materials/MaterialInstances/half/high/spruce_half_04_trunk.uasset	148127	EE320D27AEE8D76B9555253FDD95455445AAF1653F0A89D91CA758E79112BFF1
fab_project_nature_spruce_forest	Materials/MaterialInstances/half/low/spruce_half_01_low_branch.uasset	139743	622AB316328F7642AF88D1CE3518D73621C92919ED7D6D8D6ABC4B5B7D728F38
fab_project_nature_spruce_forest	Materials/MaterialInstances/half/low/spruce_half_01_low_leaf.uasset	141674	F8D3BA36C056F58A88C0F64C73D84E992E00C9A51E251E96C3C3C01EEC096D15
fab_project_nature_spruce_forest	Materials/MaterialInstances/half/low/spruce_half_01_low_MA.uasset	152584	D8A2C0B909A6716DE52A94D4F02DC3EF95AA6F9F7D0260BF808D3045BBAF1F68
fab_project_nature_spruce_forest	Materials/MaterialInstances/half/low/spruce_half_01_low_trunk.uasset	144862	5B98A819B5B7E095873BCA95C575DADC1C0F94B8161FCDFC346A1B4F0E49260A
fab_project_nature_spruce_forest	Materials/MaterialInstances/half/low/spruce_half_02_low_branch.uasset	139315	229BC538ACA256A9188B4EA1F36F7169224A216C730915AE5E4B007F6AB812DE
fab_project_nature_spruce_forest	Materials/MaterialInstances/half/low/spruce_half_02_low_leaf.uasset	150416	60C2CF723CC2F3F25251C5619B258B92BBCB488520DBD8B7951180D85470A141
fab_project_nature_spruce_forest	Materials/MaterialInstances/half/low/spruce_half_02_low_MA.uasset	158321	1C2C0719CFC49271063A9AD2C4BC7C0DF401980446697B06C640A4F4F6F27C99
fab_project_nature_spruce_forest	Materials/MaterialInstances/half/low/spruce_half_02_low_trunk.uasset	147261	1130B7E4FA909202334A7059F894847F77B9C986669E1C8641C72205F77EF9F8
fab_project_nature_spruce_forest	Materials/MaterialInstances/half/low/spruce_half_03_low_branch.uasset	141435	1A79CFECA3130845CDE0D8AD895DC1D39265647E65D38CB9C9A9E36143B0CC14
fab_project_nature_spruce_forest	Materials/MaterialInstances/half/low/spruce_half_03_low_leaf.uasset	152307	5A7D8C02D26CB0797BB3A69B595BD7F376A8DF75AB5A7EA6FD7F1B7734090D04
fab_project_nature_spruce_forest	Materials/MaterialInstances/half/low/spruce_half_03_low_MA.uasset	156696	9B84F6EF4AB9176A37967BEC5BC46B1D627B77A76136A0F7F1B76F912A7FBF41
fab_project_nature_spruce_forest	Materials/MaterialInstances/half/low/spruce_half_03_low_trunk.uasset	147033	33A1E0827ED3BF6889BE20B0B8E05501FAB7CE41AC911A4593E85BE57BD38AFE
fab_project_nature_spruce_forest	Materials/MaterialInstances/half/low/spruce_half_04_low_branch.uasset	144089	C0B4725A9DF33CE53FD302C9FA38F9D41D7398AF0EC9AB46BE9FD214F248F390
fab_project_nature_spruce_forest	Materials/MaterialInstances/half/low/spruce_half_04_low_leaf.uasset	154807	26A2C1AC771B0D06196B0ADAFCF0C91907771DDE8F2CA356502474387A6B8884
fab_project_nature_spruce_forest	Materials/MaterialInstances/half/low/spruce_half_04_low_MA.uasset	162435	62BAFD5B189BAD5BF0DC1BD86680F4501EA723628F7E3D2C213163B1AA76F419
fab_project_nature_spruce_forest	Materials/MaterialInstances/half/low/spruce_half_04_low_trunk.uasset	151997	30A422A1116FFB11632A8B9B56B3BC42959616E2CAC70808DDDC979782177FF6
fab_project_nature_spruce_forest	Materials/MaterialInstances/imposter/high/full_01_imposter.uasset	139558	698E5B616C591CC923075E8ADCAB9F866601772D45C3C4F1E03708F223F886DD
fab_project_nature_spruce_forest	Materials/MaterialInstances/imposter/high/full_02_imposter.uasset	136568	C1912AA6C9E24C5C93EFB1482B8A80EF9608DCACD0FDF95A6FB6B05420ADD15B
fab_project_nature_spruce_forest	Materials/MaterialInstances/imposter/high/full_03_imposter.uasset	139290	6115212CE58B1E97450648B04B1C6A71EC59D58F8321D70D69EA95332AF75A68
fab_project_nature_spruce_forest	Materials/MaterialInstances/imposter/high/half_01_imposter.uasset	100849	2EC91922611BBF049B89BAC54B35BDE1DC82F44EB4317D1EFAA0D6FCC06D2906
fab_project_nature_spruce_forest	Materials/MaterialInstances/imposter/high/half_02_imposter.uasset	104850	5F8AF006877BF3F5E88B4BB6E1B26807EF8DA31AA40EF98B6A143B8FD9A639F7
fab_project_nature_spruce_forest	Materials/MaterialInstances/imposter/high/half_03_imposter.uasset	103062	BAEB011A3AC07B971AF61F9F823D63019EF857A39DE5EA3A9AF24E70A408F8D7
fab_project_nature_spruce_forest	Materials/MaterialInstances/imposter/high/half_04_imposter.uasset	102257	028606748E58CDDC44B73252AEE9AA8A6513ECE92F7E866BB7B04E38AF67C1E5
fab_project_nature_spruce_forest	Materials/MaterialInstances/imposter/low/full_01_imposter.uasset	156134	00848DEC827EAFF87A09D0D3F64DC38D95849038449D9AB388061D7267122841
fab_project_nature_spruce_forest	Materials/MaterialInstances/imposter/low/full_02_imposter.uasset	137675	57CD46FA195A6D9E8DAA184E128D65D998807B815EF8BBF293461962B6EB963E
fab_project_nature_spruce_forest	Materials/MaterialInstances/imposter/low/full_03_imposter.uasset	139289	B2CE2C2A38A0970F1846C9B1C5A0F25919A032BD48AF10AF5F5E4C8687A62907
fab_project_nature_spruce_forest	Materials/MaterialInstances/imposter/low/half_01_imposter.uasset	100662	80540C2C514773834667F8CB8643677753AA34EF20615D5009210A5C318E4F9D
fab_project_nature_spruce_forest	Materials/MaterialInstances/imposter/low/half_02_imposter.uasset	104849	C7F4A714DBF563D8FB64B35A813E79079A97F6DA30087092369884BCF83D5FBD
fab_project_nature_spruce_forest	Materials/MaterialInstances/imposter/low/half_03_imposter.uasset	99285	EE7F8D7B607170FFF61B884B56F1D022BEE148983BEF055AD20343124E45CDB8
fab_project_nature_spruce_forest	Materials/MaterialInstances/imposter/low/half_04_imposter.uasset	102256	9E788DE6E2AC94CA4E3604BB0768D5567000C8405D8D5534C282395632A78B47
fab_project_nature_spruce_forest	Materials/MaterialInstances/small/spruce_small_01_leaf.uasset	150421	60BABF2F60F4E5EACC845E1D1C2BA34EB9C7DDBADA71BF61133F8326174FE848
fab_project_nature_spruce_forest	Materials/MaterialInstances/small/spruce_small_01_MA.uasset	177627	EB9C92326ED43C83EC67750A0F0A92C34D7504F072D21B8F9B55EFD31748CE25
fab_project_nature_spruce_forest	Materials/MaterialInstances/small/spruce_small_01_trunk.uasset	115172	154704E094632A950CF2DADD72AC5AA2296FA2D7C3201927EED1607CE5B53175
fab_project_nature_spruce_forest	Materials/MaterialInstances/small/spruce_small_02_leaf.uasset	149848	6ED1EC83F0A1469A2C5AA6B031330F2247230FFDA4ABEBB31C9CAE7127B510EE
fab_project_nature_spruce_forest	Materials/MaterialInstances/small/spruce_small_02_MA.uasset	173985	2F7100BD46188699DE18B01003B6EA1B7429A239546D99B6CB013A7A80AE8851
fab_project_nature_spruce_forest	Materials/MaterialInstances/small/spruce_small_02_trunk.uasset	117516	C3E06CB5C038DE29D4AF34C6B4776ABDA8B57A8BA91CDF3AD75653C8D3CC9A78
fab_project_nature_spruce_forest	Materials/MaterialInstances/small/spruce_small_03_leaf.uasset	151260	BFF676CFE904337CFA5433A9639AA4634507314A6DD95B627E76FFF387BDF6B7
fab_project_nature_spruce_forest	Materials/MaterialInstances/small/spruce_small_03_MA.uasset	178324	4C8068CA6ACA8C456A400D1387C1E46F396E11906687B555DC5AA66F4CDE19E2
fab_project_nature_spruce_forest	Materials/MaterialInstances/small/spruce_small_03_trunk.uasset	116422	0880641C619749B22E16279D2A6C97662C0DAEA3D5D12614FB66ECBF37C1E513
fab_project_nature_spruce_forest	Materials/MaterialInstances/small/spruce_small_04_leaf.uasset	153086	4D6CE880FD30D09C7122DFD39FF44A0BF8A35B2A19C84532B89C09FD9A33847B
fab_project_nature_spruce_forest	Materials/MaterialInstances/small/spruce_small_04_MA.uasset	173320	F6C2C1799354E4F0FC586383446470BD04F641CB3F8153752ECC44C55E5CBDB1
fab_project_nature_spruce_forest	Materials/MaterialInstances/small/spruce_small_04_trunk.uasset	118821	DBDCD7DE21CB024EFE343A635C86E9731FF451AA516EBF0EF95D8CCA2BFAA0AE
fab_project_nature_spruce_forest	Materials/MaterialInstances/small/spruce_small_05_branch.uasset	120215	5684FD098947A290E101E98CA832497A02015485C3FDA52BE307C40DC8F87C6B
fab_project_nature_spruce_forest	Materials/MaterialInstances/small/spruce_small_05_leaf.uasset	149518	A7D3A0FA79596E67935E6491307DD62A0858D44842F7AFABEA97644E0DA49BD8
fab_project_nature_spruce_forest	Materials/MaterialInstances/small/spruce_small_05_MA.uasset	182126	95646505FD42968E7E224F00CE3B9B867B3027905E0CA70817FCAA09C3E864D5
fab_project_nature_spruce_forest	Materials/MaterialInstances/small/spruce_small_05_trunk.uasset	115107	4E506FC3ADB7173C2BFDCD3D9F9B16CC2A24EA4FC630CA2ACD8BD3783A092119
fab_project_nature_spruce_forest	Materials/MaterialInstances/small/spruce_small_06_branch.uasset	121277	AD503B50B0D3F1CCFC9DCBECBB1056758E8E357503B7ADEA491D36A394D2CDC6
fab_project_nature_spruce_forest	Materials/MaterialInstances/small/spruce_small_06_leaf.uasset	151307	C815FA3AA969EEBD9624A173480E0A07D3926DEF0C11BFDA9B1B3341C5E3C000
fab_project_nature_spruce_forest	Materials/MaterialInstances/small/spruce_small_06_MA.uasset	176292	0277D88BE1E2DAC99ECA33D7AC39ECB74274CAE13805EF23BA1F7D3B8DDD05CE
fab_project_nature_spruce_forest	Materials/MaterialInstances/small/spruce_small_06_trunk.uasset	116581	A592D3400F74316CEB29D6CCA4A1C2FD0C461091F8E9264D368F750E9D074242
fab_project_nature_spruce_forest	Materials/MaterialInstances/small/spruce_small_07_branch.uasset	122875	75A542CD7B1B185E3A841CF64C3C435B89D822C47EDE50D3EC3E697DEB61BC60
fab_project_nature_spruce_forest	Materials/MaterialInstances/small/spruce_small_07_leaf.uasset	149149	ADE120F9B08A8768B7F03917FCC7AF0E001B74619D8753A0DF9767CE141A42B5
fab_project_nature_spruce_forest	Materials/MaterialInstances/small/spruce_small_07_MA.uasset	176689	580CB6414549470275A30B599F4DBD4F12FECC05F5C3286084B4DF7AD7BFB7CA
fab_project_nature_spruce_forest	Materials/MaterialInstances/small/spruce_small_07_trunk.uasset	117742	C86BDA40F04F1FC29016CEF1C92AD5007A70595275DA81D36F5F46791FBCB03E
fab_project_nature_spruce_forest	Materials/PN_WindParameters.uasset	1834	BA1DFDFB24C07E73E9D7ACAA2BA3E32ACA19BBED8FFEC383D9950324C1A15DDC
fab_project_nature_spruce_forest	Meshes/full/high/spruce_full_01.uasset	3488800	1FD011D5AAE99DABDD429888B600C35D949E2BB4620B3BEDCAC2241E06D40DCC
fab_project_nature_spruce_forest	Meshes/full/high/spruce_full_02.uasset	7635339	90669518D7135313BFAF14934245915ED9D64DADDE546226BA5F2D1E9E6F0276
fab_project_nature_spruce_forest	Meshes/full/high/spruce_full_03.uasset	6878086	38EFF7B81FF296CA3D8326C27D80B6855FA3F9B2E10C7346FCA5B957F0EFC6D3
fab_project_nature_spruce_forest	Meshes/full/low/spruce_full_01_low.uasset	1845321	5E31D5759B6A150B338966F23BF3DCA026AEB14BB572A79EB1EEC77E9972584C
fab_project_nature_spruce_forest	Meshes/full/low/spruce_full_02_low.uasset	3385101	0AC225494890F5D5D355B94498F4CB0A4BF2B561C155A64A66344AAE94749274
fab_project_nature_spruce_forest	Meshes/full/low/spruce_full_03_low.uasset	3351055	8E850DED4B12EE60D4A43C2E689820E8871E3BE639AFBC2108D386AC3327D773
fab_project_nature_spruce_forest	Meshes/half/high/spruce_half_01.uasset	9634231	0539BDA40843072FA9593CBD1A4382F27D341589909E9672802A34D0A511C758
fab_project_nature_spruce_forest	Meshes/half/high/spruce_half_02.uasset	14877346	212E9B39AB89756801A52BB889A5CAC07BD6F0ADF0732E4CD434470BD826AF17
fab_project_nature_spruce_forest	Meshes/half/high/spruce_half_03.uasset	13255094	8BE8FE2A02BECB377D908C2EFA85B84414795E4A170FD741F9FF12E9BC026596
fab_project_nature_spruce_forest	Meshes/half/high/spruce_half_04.uasset	12253005	7CE7CC58DE307A7D7D57C0C95A08FFEB98644E122D8502F1E247C92D81F878DF
fab_project_nature_spruce_forest	Meshes/half/low/spruce_half_01_low.uasset	4713879	5D3385F5699DFF46B7B315904AC7CB691CEA9BDF6E52235DE3E2A73DFBFD3F12
fab_project_nature_spruce_forest	Meshes/half/low/spruce_half_02_low.uasset	4112929	6FFE259F33866D1957ADE35D7EBCC562883A594F9FA89A36653FA9411D8690FD
fab_project_nature_spruce_forest	Meshes/half/low/spruce_half_03_low.uasset	9689246	FDBEE0BF4506D339C824ABA91438B29FE0EEEBADECD1A9181885D5400BF99FA8
fab_project_nature_spruce_forest	Meshes/half/low/spruce_half_04_low.uasset	9141798	A8A48F6D6DCC99316703C5302ECA9A186DABED19DFACE2A2D2AC37269BF38E07
fab_project_nature_spruce_forest	Meshes/small/spruce_small_01.uasset	126052	5EB3B79859DD974F6BCA38AA08242C5CC5F870BD9F18EB5ADD8D8CC7E3B07B03
fab_project_nature_spruce_forest	Meshes/small/spruce_small_02.uasset	145068	30D6B7C288730F81D2FB7D7E5B088CB0789503C53EF8DA5BF886ACFBE0482B26
fab_project_nature_spruce_forest	Meshes/small/spruce_small_03.uasset	149918	261D723D8A49041AA5AED11E57D447397E7C2F281DB309E48E5D8192AF1CDC89
fab_project_nature_spruce_forest	Meshes/small/spruce_small_04.uasset	167001	6AC120E4682B100B74ED7A6966CF79DD6B9A760D2EED61265942156D7D7BC929
fab_project_nature_spruce_forest	Meshes/small/spruce_small_05.uasset	734634	C6BF56579245C574694DC540B143E1878750C723065560176882684B1950F918
fab_project_nature_spruce_forest	Meshes/small/spruce_small_06.uasset	1599870	F56C93C93217D0AF447D3327431D1D394B6C5E0BAA8D737AF508471741F5D24B
fab_project_nature_spruce_forest	Meshes/small/spruce_small_07.uasset	1611541	5EF07C6582A92D75C472F3D8DEB8557844ABC2A690F862CEE632B6D876568D8C
fab_project_nature_spruce_forest	Textures/Imposter/full_01_imposter_A_unlit.uasset	27365792	C78B2D13C410C91D2A4EECF78D1E0E883ED5FCFF529D785355147850511C72FA
fab_project_nature_spruce_forest	Textures/Imposter/full_01_imposter_N.uasset	14880012	EE7FBE92235C2FB3112E552D2ABA586D044ADD6B2704A91AAB83927AA14F3E99
fab_project_nature_spruce_forest	Textures/Imposter/full_01_imposter_O.uasset	9265890	B8342278E50735E969746174B8E36D6DD01F91C8B21250DC7A50B8053EA21B47
fab_project_nature_spruce_forest	Textures/Imposter/full_02_imposter_A_unlit.uasset	24972627	9851A78286917906B666D72F56B4DB5FE8DA55E43A6886E0FAD8AA7CF16A7DC3
fab_project_nature_spruce_forest	Textures/Imposter/full_02_imposter_N.uasset	17234251	D1FAD0384FCB49170F4510FA4421121F018E92B091192EA214529E9ACE97A10B
fab_project_nature_spruce_forest	Textures/Imposter/full_02_imposter_O.uasset	11669253	69E9BF5DAB0E7B0378D96D1EE7BA17572801D81402EBF7054282CEDEF2CCDD78
fab_project_nature_spruce_forest	Textures/Imposter/full_03_imposter_A_unlit.uasset	24823793	2E4A1CF0BE06E0726C770C47137317DFA5F5F7A16F9C1609918A3D9061C3EC0C
fab_project_nature_spruce_forest	Textures/Imposter/full_03_imposter_N.uasset	15261075	D2C166CBEE84C0829514C9B456554684E03B0DE18E29C1752F46353492D5A282
fab_project_nature_spruce_forest	Textures/Imposter/full_03_imposter_O.uasset	11912378	943B3EC9781A34B98F2ADB8D99E22EC55B5D41D1C901761D9D628FA4405BDB9E
fab_project_nature_spruce_forest	Textures/Imposter/half_01_imposter_A.uasset	18276546	90DC411803985EEBFCA2A6954A608FA5B4A32D69E2F252302B7E6A758DD1EA23
fab_project_nature_spruce_forest	Textures/Imposter/half_01_imposter_N.uasset	4396781	CCDC0F99DE00CF03BF255455B5F83409772B8DB8152B6D8096713D1A169445DC
fab_project_nature_spruce_forest	Textures/Imposter/half_01_imposter_O.uasset	2509706	37D1DE222C6EDC4AEBCB722FA837188E8C2FECB41E1E08A3A38467E3E1A7D49D
fab_project_nature_spruce_forest	Textures/Imposter/half_02_imposter_A.uasset	19407142	6E3D9C688662EF42A3DC36B75C3F6B4B2D77878186C28BD8E0AD5EBC5A03BC9F
fab_project_nature_spruce_forest	Textures/Imposter/half_02_imposter_N.uasset	6969581	EC36BD72F6AEC781FEF83782E2C6DB153AE02FA6327A5121AF4921C84CD519A7
fab_project_nature_spruce_forest	Textures/Imposter/half_02_imposter_O.uasset	6529182	83ADBE17C5873BBE8608CCAFAABAE6B66B37AA21AD6EA262A2364A4E561E8037
fab_project_nature_spruce_forest	Textures/Imposter/half_03_imposter_A.uasset	19425974	F37DE978456D3ACAA5649AA40267E65A6B552543583D6930B7AB71D53EA62137
fab_project_nature_spruce_forest	Textures/Imposter/half_03_imposter_N.uasset	8235091	3DE5BEB55B8C31FB55D8716F50A6A1B86D03FDC72A09E54E8CEA219141664974
fab_project_nature_spruce_forest	Textures/Imposter/half_03_imposter_O.uasset	7393715	CB1D5FB11B9ABB5321BC8D28F2C454D7372012A9923EEBF27C3ECC05A3352C50
fab_project_nature_spruce_forest	Textures/Imposter/half_04_imposter_A.uasset	18614546	EDE2932D701218F0EDDB7223D45106113F6469FEEFD8C1989D3D1DD09F48B3F5
fab_project_nature_spruce_forest	Textures/Imposter/half_04_imposter_N.uasset	7707649	79B1AD659494149DCEE8E0D1A4706505317112B31733222DD611FE31993D8604
fab_project_nature_spruce_forest	Textures/Imposter/half_04_imposter_O.uasset	6989434	E5191602594A27D2AF8A17D1174CC7D0990025C599034FA2F0347783F3AC3AF2
fab_project_nature_spruce_forest	Textures/MasterTextures/CoverTextures/Moss_A.uasset	38033992	41B408381218C0FB4EA9B5548434D203B722FDBBB226D0DF1C7DEE725A1E4EB0
fab_project_nature_spruce_forest	Textures/MasterTextures/CoverTextures/Moss_AOSH.uasset	46387754	5331138F5657CA0537F2877B6725AE0602720706CD5A54BDC0D298861BB8D657
fab_project_nature_spruce_forest	Textures/MasterTextures/CoverTextures/Moss_N.uasset	44973099	B926FF6C92A85DAA8E61871A244A6CA16E45383548C9A3BAC6CEE3BD8E2B4FE2
fab_project_nature_spruce_forest	Textures/MasterTextures/CoverTextures/Snow_A.uasset	75609458	710FAF34C6CDC610DD72AB4043E02841137D16C73E2275AB0BFA2EE571EBADCD
fab_project_nature_spruce_forest	Textures/MasterTextures/CoverTextures/Snow_AORH.uasset	64122764	099A90AB9831709815FD4FCC62DF2222800AE94C75D0080C9E488DE7109C6680
fab_project_nature_spruce_forest	Textures/MasterTextures/CoverTextures/Snow_N.uasset	73446963	8AA89FEDE39006B23323010F6798171AEE1826068156450A52CDDD4F2C846344
fab_project_nature_spruce_forest	Textures/MasterTextures/GroundTextures/ground_A.uasset	54198105	BE59CFD2A9C3B164D153049380349016856B8F00226CEC5B3F127F71C1FE85D4
fab_project_nature_spruce_forest	Textures/MasterTextures/GroundTextures/ground_AO.uasset	20576621	9106B1C95E13CAD5785070734AC54C2C8DA00F9D13651845AA28E7EA99606DC8
fab_project_nature_spruce_forest	Textures/MasterTextures/GroundTextures/ground_H.uasset	9239893	6610D9A399233D3916E964BA30C0CDA942685A19B0D9B026BBE7DC6AD3287E94
fab_project_nature_spruce_forest	Textures/MasterTextures/GroundTextures/ground_N.uasset	47625741	E4C4F2FE34B890DC18BAA0E5532A31D90B24248FE81B8A93259E967A411871BD
fab_project_nature_spruce_forest	Textures/MasterTextures/ModelTextures/Bark_A_.uasset	49686522	0F5BFFD29AFCE82DF38F1DE8AAE3FFFAF2AC5CFE4CF2A66748224089EBF36A79
fab_project_nature_spruce_forest	Textures/MasterTextures/ModelTextures/Bark_AOSH.uasset	45780107	8AAA2FED4C8AE329D1591D969319004024BEA66CD90B3A1FE22A41BDCFAD2683
fab_project_nature_spruce_forest	Textures/MasterTextures/ModelTextures/Bark_N.uasset	190409861	346F6F46895EBBBF15D3AA82322BB77854F9D0F8C6DBC5F608F8D27A154727EA
fab_project_nature_spruce_forest	Textures/MasterTextures/ModelTextures/Branch_A.uasset	38827245	EAD4C56E5E5F7B08C810B36BA4BD211D8FBE57F0671644CA9D60CF0636984660
fab_project_nature_spruce_forest	Textures/MasterTextures/ModelTextures/Branch_AOSH.uasset	39081171	F9B59190ABEE6A7255378143E9917D62755812F87E2945EE7B6BC7385B32506A
fab_project_nature_spruce_forest	Textures/MasterTextures/ModelTextures/Branch_N.uasset	36540051	F4A30FC9FB5B3483AFE432BE0653843083FDD163A3239D9A6810E28E23B5C1F8
fab_project_nature_spruce_forest	Textures/MasterTextures/ModelTextures/Leaf_A_01.uasset	36254536	F3E70439EEB9D9692945D4B45CBDC0810A53873589522B7C03174032FEA78769
fab_project_nature_spruce_forest	Textures/MasterTextures/ModelTextures/Leaf_A_02.uasset	31910003	7E0A32EBED181EA06CB1B3F00518763C338F448B1853D317CD21DFCE642B3064
fab_project_nature_spruce_forest	Textures/MasterTextures/ModelTextures/Leaf_AOSM.uasset	29875464	99C1928BE26D9DB88D23CA1264EFB58E70825B0B73DE5330DA9794262CBB1452
fab_project_nature_spruce_forest	Textures/MasterTextures/ModelTextures/Leaf_N.uasset	29029868	C8900F76EA97B82EEB656137C974B68ADCC5C90C16F593DEBDE4ED628B3BF16C
fab_project_nature_spruce_forest	Textures/MasterTextures/ModelTextures/Leaf_O.uasset	17159225	12061DA339082630BC80F58D49F950DA46A48FC9DA4339367BAC0EA624B5AB91
fab_project_nature_spruce_forest	Textures/PivotPainterTextures/full/high/spruce_full_01_PIV.uasset	13651	FF8A45984B2197ACB870F7A5CA0AD4FB2574091519A3A04CF486873441B9FDC0
fab_project_nature_spruce_forest	Textures/PivotPainterTextures/full/high/spruce_full_01_VEC.uasset	12994	E17995A79D940854D9A54F35A92F04C4DAADAE578221F8C5589051EFE58FAEA6
fab_project_nature_spruce_forest	Textures/PivotPainterTextures/full/high/spruce_full_02_PIV.uasset	21059	76823332F6730FDE3DE3E40A65AF08122F2FB24C0AFBEE205DE7FB4551A88239
fab_project_nature_spruce_forest	Textures/PivotPainterTextures/full/high/spruce_full_02_VEC.uasset	15375	527D945A78FB5D71253623A3F9C01A7C1F127EF966C88E55D27E8D86EC364A7A
fab_project_nature_spruce_forest	Textures/PivotPainterTextures/full/high/spruce_full_03_PIV.uasset	18718	13D6C2D5333F370722B2BD03BB3561548EDEA3BD89138B592E69EB6C33E30174
fab_project_nature_spruce_forest	Textures/PivotPainterTextures/full/high/spruce_full_03_VEC.uasset	13981	D888C33A71B304134198CF06C32331388CDAB86E3DA1787064264CAA9CD383BA
fab_project_nature_spruce_forest	Textures/PivotPainterTextures/full/low/spruce_full_01_low_PIV.uasset	9281	31ED9D0F0A5C49D1B714772828214D920E3BBFEF84BC8DEA5DCDE5EC45BF7F9E
fab_project_nature_spruce_forest	Textures/PivotPainterTextures/full/low/spruce_full_01_low_VEC.uasset	8337	EF797256C2B44B55CBFA8F174FF72626B1D4D01F3780A207F9B88A00F3CC87B6
fab_project_nature_spruce_forest	Textures/PivotPainterTextures/full/low/spruce_full_02_low_PIV.uasset	13134	3426C8AC88DF16012DDAFC7E718477638F2236062B8896B137AAFBA5DAE49472
fab_project_nature_spruce_forest	Textures/PivotPainterTextures/full/low/spruce_full_02_low_VEC.uasset	10206	3793B5D5DF394EA9417AD46C71EB1E79676C806E121641902F9693BED8837D62
fab_project_nature_spruce_forest	Textures/PivotPainterTextures/full/low/spruce_full_03_low_PIV.uasset	14020	086C91F61A08A569C80753A66E1186D846D5733E4DFBA7791ED823230CD19A3A
fab_project_nature_spruce_forest	Textures/PivotPainterTextures/full/low/spruce_full_03_low_VEC.uasset	10859	EFD820C4206E11B7D829975A332067402F0121E90D930F4C1949A243E36A0756
fab_project_nature_spruce_forest	Textures/PivotPainterTextures/half/high/spruce_half_01_PIV.uasset	13732	A65DBADCC29FEED6987235ED28D0E76CF0F6BEB68ED8B2FE99205FE8960CDEBE
fab_project_nature_spruce_forest	Textures/PivotPainterTextures/half/high/spruce_half_01_VEC.uasset	11261	100725A2EA65F5C463900A14C708D78B79FB1741092F461999EDD40496C35C62
fab_project_nature_spruce_forest	Textures/PivotPainterTextures/half/high/spruce_half_02_PIV.uasset	13156	5E58A752EA721D97521848AF1DA34459CC6FFFDBE3FBC44BA4DFBB6E79DEC158
fab_project_nature_spruce_forest	Textures/PivotPainterTextures/half/high/spruce_half_02_VEC.uasset	12420	0837449003B77A0E04A019ACDA9E033FCC99FFAF755C30E41485DFEC001AACC6
fab_project_nature_spruce_forest	Textures/PivotPainterTextures/half/high/spruce_half_03_PIV.uasset	21022	8AA3D25A9BF830202C673C675B774FEF5D0408FFAE6F3B938A2A41952F3CF3BD
fab_project_nature_spruce_forest	Textures/PivotPainterTextures/half/high/spruce_half_03_VEC.uasset	15748	1EB30D83E2132BEBFA70F35AC198B8C7AE0FDCC1772BF9D3B70D3CF97D4658FA
fab_project_nature_spruce_forest	Textures/PivotPainterTextures/half/high/spruce_half_04_PIV.uasset	16872	FA3B272F3B7AA97020A23A06ED60CE4548813AF4971C247544D0DA09DED7778A
fab_project_nature_spruce_forest	Textures/PivotPainterTextures/half/high/spruce_half_04_VEC.uasset	13084	2480CA8E6A3A52B18FAFC099805FAF7C42A0ED11CA1670075FFC1DE3B25B4452
fab_project_nature_spruce_forest	Textures/PivotPainterTextures/half/low/spruce_half_01_low_PIV.uasset	10697	047ECB845A5FA66D209D111EE20438CAE88EC4F6DB44A7ABD56408FC0EC35805
fab_project_nature_spruce_forest	Textures/PivotPainterTextures/half/low/spruce_half_01_low_VEC.uasset	8875	BBC78C642C3AC3BBC27E7A1F04D9F670AD97199BD79D6F91841E3CA66385238F
fab_project_nature_spruce_forest	Textures/PivotPainterTextures/half/low/spruce_half_02_low_PIV.uasset	8851	F44671B207EAD6A1EAFC63C991D2060FAE9C57C91CA3C6F4D5324F5E95E14B81
fab_project_nature_spruce_forest	Textures/PivotPainterTextures/half/low/spruce_half_02_low_VEC.uasset	8112	D43EB1A3994D46C4EA5663353BC71B223E43FBCC243FD30F1E3BE03645C61CA8
fab_project_nature_spruce_forest	Textures/PivotPainterTextures/half/low/spruce_half_03_low_PIV.uasset	15327	C8E6631AC25B6A633BF85394C225DE9499600837C4A2825419F7B4A603B2F80E
fab_project_nature_spruce_forest	Textures/PivotPainterTextures/half/low/spruce_half_03_low_VEC.uasset	11703	E25A658E2DD2FBDE6C66EC683A3276004B86B845C1D5864E5E8C98F921D22C71
fab_project_nature_spruce_forest	Textures/PivotPainterTextures/half/low/spruce_half_04_low_PIV.uasset	10826	A98967A8FB451B25AB25ADA80AF9AB3B61A3F626BDE3D78A1D0DCE87DC95FEE6
fab_project_nature_spruce_forest	Textures/PivotPainterTextures/half/low/spruce_half_04_low_VEC.uasset	8832	0D2F7B52436394311C0A998F7D88644EE70C19377CC54C0E7BD186AA2B6BF442
fab_project_nature_spruce_forest	Textures/PivotPainterTextures/imposter/Imposter_PIV.uasset	3269	2BEA93C0D620707330922C95045419E4FCD1DA2D2B6BEA371214843EC6028F53
fab_project_nature_spruce_forest	Textures/PivotPainterTextures/imposter/Imposter_VEC.uasset	3298	DC8A807C3C07AC4F0D05658AF02C46BB088923BCA184718CD281B361AED8C3D2
fab_project_nature_spruce_forest	Textures/PivotPainterTextures/small/small_01_PIV.uasset	3353	508E8CC15483E74A0EFC23BF7F00042201CB030A882C26290AEEA9714D2DD96C
fab_project_nature_spruce_forest	Textures/PivotPainterTextures/small/small_01_VEC.uasset	3414	0FA547828E437A6E595B365A36BA083E9B4D334EF3A704F9B1CB04AC5CEFFC4A
fab_project_nature_spruce_forest	Textures/PivotPainterTextures/small/small_02_PIV.uasset	3471	47B6CC3175741D6D0CB510353631811B0FDC1FDCCBF1876C8B3F7C8A79A1A184
fab_project_nature_spruce_forest	Textures/PivotPainterTextures/small/small_02_VEC.uasset	3491	0E95CF778813C11FABD1DDAB53D2F3346A74450393E4FB22FF904E71703BC12F
fab_project_nature_spruce_forest	Textures/PivotPainterTextures/small/small_03_PIV.uasset	3440	6F4CF049FCC577E8BB8C77F0598CAD106E24861EC7AB9A974BEE564BC9A9CB0C
fab_project_nature_spruce_forest	Textures/PivotPainterTextures/small/small_03_VEC.uasset	3498	B497619894EC1E8A6C44485D8940AF52DD28D79CCD9FE13E78CECAAB579B695B
fab_project_nature_spruce_forest	Textures/PivotPainterTextures/small/small_04_PIV.uasset	3547	B9B3D71A4B3B030F2208E93EAB156028BC8C26B749EA900B63A8E8A0ECB60610
fab_project_nature_spruce_forest	Textures/PivotPainterTextures/small/small_04_VEC.uasset	3564	1CB02321608F39404606BE2DBE108C148303C39F8AC9979CFAE6C3D1170F3447
fab_project_nature_spruce_forest	Textures/PivotPainterTextures/small/small_05_PIV.uasset	5325	D98308C5D7FA3FE4C8D950635F4035B533813AA8701316AEF1115D6B95D8188B
fab_project_nature_spruce_forest	Textures/PivotPainterTextures/small/small_05_VEC.uasset	5176	2F3AE8C08E246DE49A8BCB346B1181C34A009A09B859BAFAAB8A80FCCD3918E3
fab_project_nature_spruce_forest	Textures/PivotPainterTextures/small/small_06_PIV.uasset	6515	1102102A362572CCCB4209510E6DF898953D43666AEA2C4FE53C140251BF4B6C
fab_project_nature_spruce_forest	Textures/PivotPainterTextures/small/small_06_VEC.uasset	6370	4E1B8D89E545C3DA6A5558022D287701CBA5718C0D6B382C442E2A7C9C400AF2
fab_project_nature_spruce_forest	Textures/PivotPainterTextures/small/small_07_PIV.uasset	6586	72F9BAC8818F560D333C355A5E23BD5C1AF16F91018B16B3344397F5037F2B2E
fab_project_nature_spruce_forest	Textures/PivotPainterTextures/small/small_07_VEC.uasset	6411	1CF28D601D60D8B9781DB1DE9084735C2CB874FE03B9D8E4586B43A2C8E9EA26
fab_project_nature_spruce_forest	UE4_Mannequin/Mannequin/Animations/ThirdPerson_AnimBP.uasset	231395	06FE47CF43E71A0741C3CC8DAA464F33F8DA20BA1523BEA6FE5218BFADB6697D
fab_project_nature_spruce_forest	UE4_Mannequin/Mannequin/Animations/ThirdPerson_IdleRun_2D.uasset	92552	A510A9B924FBB345E36773C8D6ED7036C8648B67601842DF112B164CAB1D6674
fab_project_nature_spruce_forest	UE4_Mannequin/Mannequin/Animations/ThirdPerson_Jump.uasset	109433	700C1A30F9A1F688F367AC4E5D22A8BDE4183779AD4A359883F102327315BE6C
fab_project_nature_spruce_forest	UE4_Mannequin/Mannequin/Animations/ThirdPersonIdle.uasset	142357	0CA64803C3B07ACD20F7111453F8F5D3860C708B2B04A08A11ECDCE4DE401D5B
fab_project_nature_spruce_forest	UE4_Mannequin/Mannequin/Animations/ThirdPersonJump_End.uasset	109451	7139B89B71EB252DA2639E2440CADECBC514F7F84F75A6A007BD4B3B48D68BDE
fab_project_nature_spruce_forest	UE4_Mannequin/Mannequin/Animations/ThirdPersonJump_Loop.uasset	115452	7A98D5C53772B7C6E678921661D97FB00EE6CF41F8549845AB851CECCA3B6DC5
fab_project_nature_spruce_forest	UE4_Mannequin/Mannequin/Animations/ThirdPersonJump_Start.uasset	111725	3997F7D59C0FF33A3A88A35275C0B79A392D83ADED1338CEAA528F2C182E7A26
fab_project_nature_spruce_forest	UE4_Mannequin/Mannequin/Animations/ThirdPersonRun.uasset	113153	A4FF8B838473100B4F191477F7C34C4D28CF53EB0B310D76EB69BB5E8C6D037F
fab_project_nature_spruce_forest	UE4_Mannequin/Mannequin/Animations/ThirdPersonWalk.uasset	123070	1FF807301B7DBF63A50E38F5B743D61C75ED9CA5AD1A042D5001837D3EE4B1D8
fab_project_nature_spruce_forest	UE4_Mannequin/Mannequin/Character/Materials/M_UE4Man_Body.uasset	134640	9955315747B81801B912745DD7EBD4D63C701461E6002AEE2FBD9B4AFCCC7A43
fab_project_nature_spruce_forest	UE4_Mannequin/Mannequin/Character/Materials/M_UE4Man_ChestLogo.uasset	101521	DE60135B19E7F8E5A098956700888E0405CA65781352B6C92478363A1F399D8E
fab_project_nature_spruce_forest	UE4_Mannequin/Mannequin/Character/Materials/MaterialLayers/ML_GlossyBlack_Latex_UE4.uasset	80132	705811517EEC3A0B22D60D4DD6134402783205B9FF2562E2CD55519BD5B49F6E
fab_project_nature_spruce_forest	UE4_Mannequin/Mannequin/Character/Materials/MaterialLayers/ML_Plastic_Shiny_Beige_LOGO.uasset	77590	C287FD99B981353876BA722198E589B9F51B49CEE847CC2E14DDC4B9F371DA02
fab_project_nature_spruce_forest	UE4_Mannequin/Mannequin/Character/Materials/MaterialLayers/ML_Plastic_Shiny_Beige.uasset	76384	2D92FCABFBB7D8D742B54C69402F3699AD08153829F3F417798B703BF6C5DAD2
fab_project_nature_spruce_forest	UE4_Mannequin/Mannequin/Character/Materials/MaterialLayers/ML_SoftMetal_UE4.uasset	80769	AC6DE836D0B126497DD3482B6A53880B68C593C777848CF79F1F410AC745C45A
fab_project_nature_spruce_forest	UE4_Mannequin/Mannequin/Character/Materials/MaterialLayers/T_ML_Aluminum01_N.uasset	405875	AD4768C7B47B8AA653B45025CA577BC7CBF038AD8F1750B3D2FC4148D9C3D1B6
fab_project_nature_spruce_forest	UE4_Mannequin/Mannequin/Character/Materials/MaterialLayers/T_ML_Aluminum01.uasset	434866	6D53EF6343212B011C691EE38493502047D60640EE8C6CD38CF48B7369CC394E
fab_project_nature_spruce_forest	UE4_Mannequin/Mannequin/Character/Materials/MaterialLayers/T_ML_Rubber_Blue_01_D.uasset	470339	13CA5F2651B92E7B304B12D8A2D781CC3AE30D05D0F887BC2C57E177A2866B50
fab_project_nature_spruce_forest	UE4_Mannequin/Mannequin/Character/Materials/MaterialLayers/T_ML_Rubber_Blue_01_N.uasset	362736	7F4AB53D061A428D24AE8C33064FB0A9701843FCC1AD724C9FBD33502217BD2F
fab_project_nature_spruce_forest	UE4_Mannequin/Mannequin/Character/Mesh/SK_Mannequin_PhysicsAsset.uasset	128022	B29C9CBCB581608B6BD1CC1D9166661118825F8C45B68B9E981AD7F6EE6E62AE
fab_project_nature_spruce_forest	UE4_Mannequin/Mannequin/Character/Mesh/SK_Mannequin.uasset	2567402	3B92E43EABF150B2B0180CDE7B2B31EB54B52833CBC9363F41985A3CBC1C3639
fab_project_nature_spruce_forest	UE4_Mannequin/Mannequin/Character/Mesh/UE4_Mannequin_Skeleton.uasset	12201	86CDD1B014B24532A4AEBF1882632B8C1EA356EE1AF4F6F45D7C34D4F4AD1898
fab_project_nature_spruce_forest	UE4_Mannequin/Mannequin/Character/Textures/UE4_LOGO_CARD.uasset	95868	65B38BA30242719D012861ED8E34F6C5ED4989C5BF507D275DD92A43E337AC39
fab_project_nature_spruce_forest	UE4_Mannequin/Mannequin/Character/Textures/UE4_Mannequin__normals.uasset	5481746	058C80F56C2694DD2D9DAD6B191A1791DB811ED519D2959B54011574ACE5F26A
fab_project_nature_spruce_forest	UE4_Mannequin/Mannequin/Character/Textures/UE4_Mannequin_MAT_MASKA.uasset	270511	EAF715B6484267ABC3D1485CCEBFA0154EFAB89ED98774036F7F9AD8C5DAE6EB
fab_project_nature_spruce_forest	UE4_Mannequin/Mannequin/Character/Textures/UE4Man_Logo_N.uasset	162431	E3276A8217FED6D8C229EC0C514F46037C3EEBF7109A1D704479DCE6273DB659
fab_project_nature_spruce_forest	UE4_Mannequin/ThirdPersonCharacter.uasset	221493	EEE6AF0981A173926F63F7E3493356823E775E592DABCA4C09DAC8F13FFE4ED6
fab_project_nature_spruce_forest	UE4_Mannequin/ThirdPersonGameMode.uasset	12943	0DF5A775FC3D0E3B8423A3FCC2CC78E38A03FD411AF87E7C89FFD738C091D5A2
fab_tharlevfx_water_materials	Blueprints/BP_Sunlight.uasset	27936	9D7DAC39B5553C1AF82A3A789AF7663DBB0ABA5E164C966268C22B8BA5CDC0D2
fab_tharlevfx_water_materials	Maps/Camera_Sequence.uasset	61766	C93846D198200DE3018BF00303BBE7B685E84D878B360D3DC3F22F3997F4E767
fab_tharlevfx_water_materials	Maps/Overview.umap	20421846	7863F5DD60355B29C4F72C7192CA4D3E21FD1A4674736AECA5F3CA65AB75FE3E
fab_tharlevfx_water_materials	Materials/M_Caustics.uasset	100792	89DE2DA4AB0923DEC3F4B401179578487E019E907912DF9BD17F621FBC7434ED
fab_tharlevfx_water_materials	Materials/M_Lake_Cheaper.uasset	267513	11D5219E1B7606C8059854CD60C10C301FCD31E1CC3D5BE9A0359ACC4C19863C
fab_tharlevfx_water_materials	Materials/M_Lake.uasset	256709	4C1F220560CDC203AE2486BBFDC74753250B93FCB7FDC3FD4CBB7BB906CA8E7B
fab_tharlevfx_water_materials	Materials/M_Ocean_Cheaper.uasset	236660	C176E6AE05EED5EF54C9B0810AE388EF5E6B203DB4B54A676167EE72B273B9FC
fab_tharlevfx_water_materials	Materials/M_Ocean_Distance.uasset	255804	5A2E13313370E5C8DC9B3FCC125825FE167ABE74C95E64E0B80033146C2C9E43
fab_tharlevfx_water_materials	Materials/M_Ocean_Radial_Cheaper.uasset	207799	BC5EC909419E753666B0C45C8D6ADFBDC012FD5ED5107A5232223EC4F7CE343F
fab_tharlevfx_water_materials	Materials/M_Ocean_Radial.uasset	309544	86BFE9B1255EA0A9D69046541F30DE47DD7F2541272FB8F2B61D67605E25D811
fab_tharlevfx_water_materials	Materials/M_Ocean.uasset	318479	5C9D83DFDF805903582DB09ECFB76000984B33D777AA6307360A861619A9321D
fab_tharlevfx_water_materials	Materials/M_PondScum_Cheaper.uasset	276311	E947F07743BCDB2FF8C3F6A241C49AE4E0B8C17176C624623E68C95A0CA79BB6
fab_tharlevfx_water_materials	Materials/M_PondScum.uasset	263235	D61D2412F197B3C91614CC518DEC59B7E3C31FA11396AD6A02E715A0493984B6
fab_tharlevfx_water_materials	Materials/M_Rapids_Cheaper.uasset	235726	D47B44B0F9729A65AD10E5C97E5636C2C23565B384B3EB4FFEC5FC88287A83E9
fab_tharlevfx_water_materials	Materials/M_Rapids.uasset	260953	3937CF5DEF002DF5FB3927DBD1231AD278BA7FF7866AA80D6ED1A2C8EF809776
fab_tharlevfx_water_materials	Materials/M_RapidsBank.uasset	130628	875BA9754BB6A5A2CA6F3E60A854532950A4C61C5BFBAA6C6BECE580739279FD
fab_tharlevfx_water_materials	Materials/M_River_Cheaper.uasset	220136	D33EA99E588D757E4D02DE4CFCCA439DE5A248400E8D6C2C76CFECAAF31063DE
fab_tharlevfx_water_materials	Materials/M_River_Rock.uasset	122133	DBA3E52AE9582465AF6DB5EC4E3AA370E5E2213A9BB78235D6DD7D6BEA1E327C
fab_tharlevfx_water_materials	Materials/M_River.uasset	249111	243627625F64187E3315C2FDCC638317E42E941B7BDF4B0136FCB3BE525010FC
fab_tharlevfx_water_materials	Materials/M_Riverbank.uasset	152981	8F2448823B5C27FFBC7CA360E03DAC4EE80E9B04B6A2CD54654AB8BE8FC111C2
fab_tharlevfx_water_materials	Materials/M_Sand.uasset	154577	5742B739A83B4BF49BF03337414FEDD4523B0AAD5EF7F348DDB1CB532A4BAB32
fab_tharlevfx_water_materials	Materials/M_Water_Clean_Cheaper.uasset	139374	A3B9782EC6204824A631C6025857C91DB55F578CA260B7B589E5D9B56D620B93
fab_tharlevfx_water_materials	Materials/M_Water_Clean.uasset	133370	657DAE0B196905B77A966B7BE70358D3361A722051625FAFA5A2CEBAB9707CA9
fab_tharlevfx_water_materials	Materials/M_Water_Opaque.uasset	141046	2A7CF6260FE7C670580E42DBFDD34308182A110C50164C47036D4D99EB4192E3
fab_tharlevfx_water_materials	Materials/M_Water_Pixelated.uasset	130923	E1A55FFD5F67C9E77853BF8E35674698CD0989B0CC279FDFB789B6BF74D48324
fab_tharlevfx_water_materials	Materials/M_Waterfall_Cheaper.uasset	213559	D3439899E1345B509074784D06EE81E8CA50EFC5C181DCEF177E38188224ECBA
fab_tharlevfx_water_materials	Materials/M_Waterfall_Foam.uasset	75770	B8AA2413AE04516540240E6B3852BEC052C4FF050C5CC011030320822C539E9C
fab_tharlevfx_water_materials	Materials/M_Waterfall.uasset	205195	047C5D79357D1D20B0CD5348BCD48E5473341FD2EAE016FC2F4CBF650879D943
fab_tharlevfx_water_materials	Materials/M_WaterSplash.uasset	75344	7C688CA7799F51FAF3E1B0D7436E7EB59EC782B2548C4B3FD90F67013BE178D0
fab_tharlevfx_water_materials	Materials/MF_FakeSpecular.uasset	118290	A2D3A3D07473501FCF2F98B4D48A9A5418E9C58215AC6F8E87D2C1F4CD461C33
fab_tharlevfx_water_materials	Materials/MF_FixedDepth.uasset	107672	71623DD1436907810023F869F3384291DE0B31E0080F2F9A2E30B1B5B6B89A68
fab_tharlevfx_water_materials	Materials/MF_Foam_Motion_Radial.uasset	149442	26AA89A46AC902FDC953A6DF1CE844BC55E3011DDBC24F89CBC921F4F1F35928
fab_tharlevfx_water_materials	Materials/MF_Foam_Motion.uasset	93793	5242A485E28EBD7433E93428FA375331972FFD0A7E12BFEA81FEDE1CD72EE5B0
fab_tharlevfx_water_materials	Materials/MF_OceanDepth_UVs_Radial.uasset	88579	4DFCF398053471AE19CCEE54DE6B4357FD36AC127A3248A2FDA64EE4586635C1
fab_tharlevfx_water_materials	Materials/MF_OceanDepth_UVs.uasset	87009	59553DC6748B4DC81982DF9BBF6AADBA957731DA73C3AEA7C88C39C860FE653A
fab_tharlevfx_water_materials	Materials/MF_OceanWave_Motion_Radial.uasset	75518	7741F2452CBF4A98D25B5C01523C0816DF995C9426D0A986CDCF6D80A072E44C
fab_tharlevfx_water_materials	Materials/MF_OceanWave_Motion.uasset	82025	DF877358471248045168D0713935E64180A72C65FB803DB58F4B34F212B79E0A
fab_tharlevfx_water_materials	Materials/MF_OceanWavesWPO.uasset	107957	AAE98DC2723CE995414CF4251708F48BB040E9450B737BD0B4D4F6137BB074F9
fab_tharlevfx_water_materials	Materials/MF_RiverDepth_UVs.uasset	102444	3DDFE8ADB7EB452C5CB0F46172F52DB53F1ADC66129E4DB8E1678124B623B088
fab_tharlevfx_water_materials	Materials/MF_RiverWavesWPO.uasset	107894	DD371669D614EF89AE8449DD51E9D5E369037E717C5090230CFFE33EEA963D9F
fab_tharlevfx_water_materials	Materials/MIC_Lake_Waterfall_Cheaper.uasset	116094	E141B85CA46341BF13F7899C2C8230625F9AF9675A33489502D2EA68EF44E678
fab_tharlevfx_water_materials	Materials/MIC_Lake_Waterfall.uasset	101225	02AAF7BA4E0A381E23A90FA02A2C7A51D17D55A3DBB76AE1404B16EA05384E12
fab_tharlevfx_water_materials	Materials/MIC_PondScum_Cheaper.uasset	167021	38D89D592125A117D17C08BCD640A5A4CF0AFFB16F39F7D8DD4AC67B6A6ADC22
fab_tharlevfx_water_materials	Materials/MIC_PondScum.uasset	167089	D1E444B7DAC3BF157589AE22621A512A92C9288E0B44BDC66E7D76AACF77CE1F
fab_tharlevfx_water_materials	Materials/MIC_Riverbank_Pond.uasset	119856	E411BF409911CC686B63224A51EBBF45DD6BDDFABED10B5B73577733FCF936AC
fab_tharlevfx_water_materials	Materials/MIC_Waterfall_Arc_Cheaper.uasset	132213	6D030DD4E8A25D534B0C86D09A9846CA52CC47B3ED86698B588277874C3BEE42
fab_tharlevfx_water_materials	Materials/MIC_Waterfall_Arc.uasset	130595	AEA82C5C04FDB13A9975F46A17E2DB6D9437145CB396A06335D3C5F4C1F991F4
fab_tharlevfx_water_materials	Materials/MPC_Globals.uasset	1479	5A26624D9188BFA9E0371A0DAE2C8333FF0A9F441DFF91ACA73B7B3D111E6546
fab_tharlevfx_water_materials	Meshes/SM_Cliff.uasset	131479	9F1A573D2F22D7A0518B106EC887B9A6C3E2833FB848EC02AEE5636182256A41
fab_tharlevfx_water_materials	Meshes/SM_Island.uasset	1284719	3C05ABA775CE44B0673C519395A012798D6F051AD6EA2DF54C90846B9D9AD6D0
fab_tharlevfx_water_materials	Meshes/SM_LakeBank.uasset	1020657	723F8720A2C1966BC0173A6F8FD94EA2B26A9233D3B153F373F4A7D053D69E1B
fab_tharlevfx_water_materials	Meshes/SM_Rapids.uasset	211126	18813D41028DDA25B0CE198265256573D4D909C1B9E5761263D76395A7371E10
fab_tharlevfx_water_materials	Meshes/SM_RapidsBank.uasset	211911	C8C1EE0588DEA1D9937851EC422961E0893D65861E948A07B7C1665E060445FD
fab_tharlevfx_water_materials	Meshes/SM_River_Rock.uasset	108702	3D420E261CFAE9158C01BDC847A14D3E083CAA144A79A478A56EF100B8047465
fab_tharlevfx_water_materials	Meshes/SM_Riverbank.uasset	399686	4F4C5DB20897318EC496451E6931634BE61E137E3E3F78CE40A4C9C87972E558
fab_tharlevfx_water_materials	Meshes/SM_Shore.uasset	501233	9F1850E82114DDCF87A9F4D5B65F6BEF23C51D09AFC2DFCA860F60E4D30BBAB0
fab_tharlevfx_water_materials	Meshes/SM_Water_Plane.uasset	327343	D5C0D816854A5F82DE490E113C3A2532D02B4AA1E1811780E27ACC537614748B
fab_tharlevfx_water_materials	Meshes/SM_Waterfall_Arc.uasset	125580	8C5F052D183FAFF2F789FE400BD01C3EBD9CE810D0C10E4EA03B5BBCB28DFBA2
fab_tharlevfx_water_materials	Meshes/SM_Waterfall_Base.uasset	118220	810770C92BDAF426BA6511195FC1769EC17B30C33980E17FC14C0FD3BC97C80E
fab_tharlevfx_water_materials	Particles/P_Water_Splashes.uasset	85183	7F113CF0DB3F8B4F642A870F921EADA8A1F55B010C4372AE961C284A86858A59
fab_tharlevfx_water_materials	Particles/P_Waterfall_Foam.uasset	107955	14FE49FA480D08DC16DF30BD98A9FEF8DDA6521A38779C0CB2928F149507D02D
fab_tharlevfx_water_materials	Textures/T_Caustics.uasset	554418	3C612EDCBCF301F1F844CC5E3DE592351F915BA71BE17775D4A18283F0D40AE9
fab_tharlevfx_water_materials	Textures/T_Cubemap.uasset	912984	C85A52C1F25A62136BBDE597DEF16E06A133D3E300CFC68C3EAE7B7A2A83DB5F
fab_tharlevfx_water_materials	Textures/T_FrameClamp.uasset	640269	B668DABB76117035B6611938134FB1DC81E96A9CC138AC86DE1FDB053491A375
fab_tharlevfx_water_materials	Textures/T_Lake_Waves01_Normals.uasset	198946	A0CC6551778AE3A1A9EC6769A4B22D3D173B88EE77AAE5EEDE5994C66C54FA6E
fab_tharlevfx_water_materials	Textures/T_Lake_Waves01.uasset	390281	72A739F10302F4031F1A13B42E8F59F62F568F997671303FA718ACE34C14EC01
fab_tharlevfx_water_materials	Textures/T_Lake_Waves02_Normals.uasset	194510	CF3E48AEE7D748E77340632FFFD0C8A5E92615E1E693048FF1884A84FC16E5C3
fab_tharlevfx_water_materials	Textures/T_Lake_Waves02.uasset	389564	2CF25027B3D4855932B83833C96167B5F2C0430330F4EFA39B7342040B27FC56
fab_tharlevfx_water_materials	Textures/T_Noise_Curves.uasset	1033088	3C3A7B35652CE81121AE72E595ABB6C033F5F51A0CF03E54B925BEBF8D81DBB2
fab_tharlevfx_water_materials	Textures/T_Noise_Progressive.uasset	1372677	05E07C15CB165D4F6D10E394632323CEEF564DAFB99B2290FAA31C8080CE152C
fab_tharlevfx_water_materials	Textures/T_Noise_Stormy.uasset	1593690	E1C313EDE268FFE039A8EA3E9FFA16303AC259A735FA1CCC86CAA919CB885159
fab_tharlevfx_water_materials	Textures/T_Noises.uasset	2186083	90F578FE101008243985E56B43051C394282890154659FA0C2D9245EEFB84FFF
fab_tharlevfx_water_materials	Textures/T_Ocean_EdgeFoam.uasset	397944	DF5DDC5CC4B5867266A4B294E91077A82181308ECBFFB23406D35B6C6F45862B
fab_tharlevfx_water_materials	Textures/T_Ocean_Foam.uasset	2327540	07A863A363B9B69B2C5CB7CFF007228EEA0E210B617792DC5CC093711A644FE9
fab_tharlevfx_water_materials	Textures/T_Ocean_Waves_Shore_Normals.uasset	173864	4F450CFCB1110203E3C1A4E7F1EB3CB4177C53CC70AF23DD6505A35072AE4FDB
fab_tharlevfx_water_materials	Textures/T_Ocean_Waves_Shore.uasset	370299	A43E29D801FB82EB9183F6B37D97DDCB53B3A25C365F38C5B3DEFF6F09CBD1DE
fab_tharlevfx_water_materials	Textures/T_Ocean_Waves01_Normals.uasset	144455	BB676F1C29E9C4BCC4155908E1EEAEDA30121E548F8AA24AC6B3D11D8515CCB7
fab_tharlevfx_water_materials	Textures/T_Ocean_Waves01.uasset	385886	5584C2CC480AB1D550EA697FAC8D98FF16EC0CC946847D249712111333E53BE8
fab_tharlevfx_water_materials	Textures/T_Ocean_Waves02_Normals.uasset	156197	204E48396B9A6CA717238EB6214F511860E80739975AAC62972237ABDFE3CB55
fab_tharlevfx_water_materials	Textures/T_Ocean_Waves02.uasset	388011	6D22722E22CC96F90BF1210F5034AB8B5FE2C2CC16E6DECBC995F3B887A76F92
fab_tharlevfx_water_materials	Textures/T_Pond_Foam.uasset	171856	C6DBD45514C6CA9EDB77E437FA17B0B475FF981A137B88E955E217551482C513
fab_tharlevfx_water_materials	Textures/T_Pond_Moss.uasset	3202460	A9C38AEAF559EA079F34A806B70B2BB67553BB2F7DAA167FD05A67ED48B31941
fab_tharlevfx_water_materials	Textures/T_Pond_Plants.uasset	3065426	E86B3FF4407A156280412B1EF6BB7ADDE2A853EC87899B69596DB06251815EC9
fab_tharlevfx_water_materials	Textures/T_Pond_Scum.uasset	1770289	D58FBCC3BC8196F17296CDD992D0FB8EB788100FA3AE92866686F789BC0CB00E
fab_tharlevfx_water_materials	Textures/T_Pond_SurfacePlants_N.uasset	2937080	04389A69033D908111DF9A2881F04DF125D55D00BF3F2F33CE8D4502557E7B77
fab_tharlevfx_water_materials	Textures/T_Pond_SurfacePlants.uasset	3146532	F196043D1AFCC7DC0C7F2CF1988743ABCB3D0005C140D90BD0BB2904AA01F7D1
fab_tharlevfx_water_materials	Textures/T_River_Waves01_Normals.uasset	202693	00880CC07E8E25825F852FCCEDC3425AF023AEE3B493D3BECC96951872456128
fab_tharlevfx_water_materials	Textures/T_River_Waves01.uasset	387731	723723A8BD6709D42F4C3FE4339A06C7B8E1D609C16259F4371C7B32A7D70B5F
fab_tharlevfx_water_materials	Textures/T_River_Waves02_Normals.uasset	201115	CF4FD6B55D1008545376A5C580B3EFEF1DF34386F1DE6AE2778AA7AA162032A7
fab_tharlevfx_water_materials	Textures/T_River_Waves02.uasset	388644	2D028C6A4127E865C2A9C804063C64BEE31EFB617CF68056AC2D8EAE40DAB4B2
fab_tharlevfx_water_materials	Textures/T_Riverbank_N.uasset	2877200	37F93E0AA2853475E7B3A39F09B3CDC8E1A3C80D0D593232E7465401DD1867DF
fab_tharlevfx_water_materials	Textures/T_Riverbank.uasset	2968616	93170937FE5828747D3489DE99D04DFEAA619452E356358D256F0785C67BD1A4
fab_tharlevfx_water_materials	Textures/T_Sand_N.uasset	3156750	AE8FB611A21005A6B604C778F4AB16FC44CE123DC27D2974B2742990479E8A82
fab_tharlevfx_water_materials	Textures/T_Sand.uasset	3284069	F2F90156F4A17D0AE0563394CB4B16FFAEF782482F35133A7955B32D162E0945
fab_tharlevfx_water_materials	Textures/T_SpecularHighlights.uasset	693338	9DC4539F6FE5D3514B06163BE6E068C1264F8784C1F7B6CA0D3E6331819EB861
fab_tharlevfx_water_materials	Textures/T_Stone_N.uasset	742436	07143482121607E27AE7C00876CD9F8449344273A93C22D6CDE23E2EC4ECEC12
fab_tharlevfx_water_materials	Textures/T_Stone.uasset	609304	F7DDC7671066043CCBCE163D0007F386A8F202001CD03E6F20DD631E975E4C3F
fab_tharlevfx_water_materials	Textures/T_Water_EdgeNormals.uasset	1436958	4BDE1093850AF4318465AA51B8A2974441F1BDC12150D66B03D069456303FF7A
fab_tharlevfx_water_materials	Textures/T_Water_Gradient.uasset	31716	38DA2520DF5144BAE0B0BA6DF34230980711FB02047608321A8EE479A4CE980E
fab_tharlevfx_water_materials	Textures/T_Water_Normal_Large.uasset	1668988	6C6DADEF9065E2AD915982A683ECEB09E7437BC96C7957D9CEC9B9F0462446AA
fab_tharlevfx_water_materials	Textures/T_Water_Normal_Subtle.uasset	789427	A17AA8B320C32E400F316554E607DE8E6710F03F27B116029FE8A69F50B5FEE2
fab_tharlevfx_water_materials	Textures/T_Water_Normal.uasset	3657060	27E086D46E8F4532C0B3C3EC81FA411128C9AE92BF32CB63629704E1EDDF33EE
fab_tharlevfx_water_materials	Textures/T_Water_Pixelated.uasset	9378	7144A636F0497B1085359C476AE6E4AECD263B67A3EF59442B7DC021F1849F2B
fab_tharlevfx_water_materials	Textures/T_Waterfall_Foam_Directional.uasset	1432472	D8BE0798B465CCF284962C5A95661F6ABC3A6B8417ABF5B6A3BA97FD2F4D4883
fab_tharlevfx_water_materials	Textures/T_Waterfall_Foam.uasset	2252387	054F6CAB6AE332D175B14FDCF01C04F8AB22646A0634F443294601D99F0D50E8
fab_tharlevfx_water_materials	Textures/T_WaterSplash2_N.uasset	2229365	879DD821D93DCC188ABDC886A1FB3012867ECEEFF8863E757F0602BF024EDA92
fab_tharlevfx_water_materials	Textures/T_WaterSplash2.uasset	1544069	13089895B740F3C45A67DE05B7F570012081CBDB81DAE73D9A85D4C2030F2451
