DiscGolfTour.exe	171520	320484DEF09542EACF36B07B04F2D68040E64551C84342A34673BB22433DFF35
DiscGolfTour/Binaries/Win64/D3D12/x64/D3D12Core.dll	4831768	9734A9719F44AF1F67B668A3513D55289D610ECF2FC10A389C91BDDCAC42EAF2
DiscGolfTour/Binaries/Win64/D3D12/x64/d3d12SDKLayers.dll	4943344	20CA160D9B47AE5CDC016202C2A0F81691E6C240F59DF29B7C952B86986D747E
DiscGolfTour/Binaries/Win64/DiscGolfTour.exe	341401088	6051C15D6DCF14D4EE92B34215B79B7AA7BCADC5D8F6F5CA8AB24807E89D4346
DiscGolfTour/Binaries/Win64/DiscGolfTour.pdb	415584256	10CFC401BB39074A683C5BD6AF67EB6FC1C18E6FD08D62C1045BE3AF5BEFE266
DiscGolfTour/Binaries/Win64/DML/x64/DirectML.dll	18538488	1A84C43657B71D5587385CDB97C2751B5B7D532F8E4BA8DBA5D73748415E4E49
DiscGolfTour/Binaries/Win64/tbb12.dll	342456	69C9C37C3175C4146F287B8C832D3B5C2050B770C9CD26F8ACAC2BA449372E9A
DiscGolfTour/Binaries/Win64/tbbmalloc.dll	117176	A70C98E717EA7C1B3806E643A3DF2E7A40AB1827A1096EAB53731E4E2C5D92B5
DiscGolfTour/Content/Paks/DiscGolfTour-Windows.pak	11317153	820ACDF6DC0B72FFC32FCAB1A89732E0347875FEE2FA9429EBE4FFEEE4EE837B
DiscGolfTour/Content/Paks/DiscGolfTour-Windows.ucas	1038781040	00F89210964A5FD6FB27F9F2562AF6AA32E354E2AD48F6D2BE154768770A981B
DiscGolfTour/Content/Paks/DiscGolfTour-Windows.utoc	524733	CD0CAA3E0ECE60B99B7DD03B041B7F430A5BD2DF01DCE9DC45F416DE045855D2
DiscGolfTour/Content/Paks/global.ucas	3531376	CC7E99338243178CDD0999A93DE59D63BA1DFD5380A06464FC81C0D9769BE0C2
DiscGolfTour/Content/Paks/global.utoc	842	D10813ACF223320909466B5ACB209308C10C4DBDA42A63AB2AC9E432722E5A70
DiscGolfTour/Data/PhysicsRegressionPresets.json	5464	40524B4567F6C9D6508D1756B5A9151C6BDCDDA6C9C3EAEC80741C04F0D1AA42
DiscGolfTour/Data/PineRidgeCourse.json	668	67C7EE82B3A9734724CAA3F7AD37EE46E77DBF736F25F93EF3CE49FDF97150CF
DiscGolfTour/Data/PineRidgeHole1.json	7740	CD1991551FD3F13465A5C6737871A2D4B91A31E078CAD1C97F458A7A5081F317
DiscGolfTour/Data/PineRidgeHole2.json	8586	AB55ACE68264C270DE932DC0E0DEA644B844AEBB29F6CC0E994614789CA96F2E
DiscGolfTour/Data/PineRidgeHole3.json	8509	A1FC744234E94FBE383F5AED21DCEF9D84A4213CF9E8625B57CA4C3339EC46A2
DiscGolfTour/Data/PineRidgePresentation.json	2184	0B259E50B353B59BA2F940FB76C121CE69487BEB435D41E9CF21337219B2E8B0
Engine/Binaries/ThirdParty/DbgHelp/dbghelp.dll	2232688	0E7BF6483C6E021B74860FA69B272B8CBB3D37154FA832E650D9ECD066447D2B
Engine/Binaries/ThirdParty/MsQuic/v220/win64/msquic.dll	2547080	4A45BB092EF8358253DA6FFB33609839961582843761F4B35FBDE6FAEB8B3500
Engine/Binaries/ThirdParty/NVIDIA/NVaftermath/Win64/GFSDK_Aftermath_Lib.x64.dll	5799016	343403805CBE0A9671385C762F2AEDE14CCC2D7A822B768F2EA0CE54B4B50EB6
Engine/Binaries/ThirdParty/Ogg/Win64/VS2015/libogg_64.dll	59832	3B49A6B1C8E9F877E78F5E17BE5756E43D480149898D1CA70E7989E0CC7D0F63
Engine/Binaries/ThirdParty/Vorbis/Win64/VS2015/libvorbis_64.dll	1724856	0BC486ED509EE87995C712F82688F147E5481997101B3CA96DC6731FB87EFA74
Engine/Binaries/ThirdParty/Vorbis/Win64/VS2015/libvorbisfile_64.dll	48568	8B9CDA6EFA49C91F66DCA10067965A1DC83E8778F05863159873E60F25D6A7E0
Engine/Binaries/ThirdParty/Vulkan/Win64/VkLayer_api_dump.dll	8161680	64126A7A6F4803D2531BFD6745E0D556B2438AD378FEB105ACC3D817BD59B65F
Engine/Binaries/ThirdParty/Vulkan/Win64/VkLayer_api_dump.json	13848	9E55221C225DCE4B5448BAC7DADB7E39FD216F51354DDE02E58F950F4A0DD80B
Engine/Binaries/ThirdParty/Vulkan/Win64/VkLayer_crash_diagnostic.dll	2890128	68B9DCC00A493672B76AE13FB693D734A1AB8EC1CC351AB2BF122A2E97BA4A01
Engine/Binaries/ThirdParty/Vulkan/Win64/VkLayer_crash_diagnostic.json	23055	578BDE354874789671DEE1A96468C965619C9F3BA16CFA65F850E81A80674087
Engine/Binaries/ThirdParty/Vulkan/Win64/VkLayer_gfxreconstruct.dll	8166288	9E5E23B84D8FC52720A46810995882BF333392F6D1CFEE555CEDE4F65262C304
Engine/Binaries/ThirdParty/Vulkan/Win64/VkLayer_gfxreconstruct.json	28099	71D4E243A2AF74874F4F61378BDFE3753CB01CE5EB9B98400D83612BF882A815
Engine/Binaries/ThirdParty/Vulkan/Win64/VkLayer_khronos_profiles.dll	1485200	7B5E416DE9639B5FDA2B0A51B48E19BD840538B5B2CE6AD2B4DDB47FC311976F
Engine/Binaries/ThirdParty/Vulkan/Win64/VkLayer_khronos_profiles.json	66696	6095C28691757E083A8C1BEF3C69CA76A8B5017E21ACAF55D1BC7E82221A0FBE
Engine/Binaries/ThirdParty/Vulkan/Win64/VkLayer_khronos_shader_object.dll	415632	9BAE672D8074202A59877B1DD6EDCA23A5A6CE43746A35D02CAE9012011A28C8
Engine/Binaries/ThirdParty/Vulkan/Win64/VkLayer_khronos_shader_object.json	4455	18ECAFC9A65E1B7AF8CD0E36DC936026CDB3AED333C4EA5A7C17D6D9465CFAF4
Engine/Binaries/ThirdParty/Vulkan/Win64/VkLayer_khronos_synchronization2.dll	397192	4EDEE371F87A196C7CFB99026FCF574621828DCFDB2E4DEAB82F05496A603E75
Engine/Binaries/ThirdParty/Vulkan/Win64/VkLayer_khronos_synchronization2.json	1910	A1E980A24BE9A16A826B00C27D61B85EE0E2E17226DC9C4E8EEC031879E5F26A
Engine/Binaries/ThirdParty/Vulkan/Win64/VkLayer_khronos_validation.dll	19509136	9F45276C954EA4F80DC250D62355C76D494AA18147FBD9F15CA42C3FF40ACE2F
Engine/Binaries/ThirdParty/Vulkan/Win64/VkLayer_khronos_validation.json	95917	5C464B84457776D92A674DE506F7B7A489294583A7D7609F78FCC52BC4406D09
Engine/Binaries/ThirdParty/Windows/WinPixEventRuntime/x64/WinPixEventRuntime.dll	69056	67EC9E449A024CF6D96A1E774744173356A5ABBDB71F1B5E98CFF0B11DCEE54C
Engine/Binaries/ThirdParty/Windows/XAudio2_9/x64/xaudio2_9redist.dll	858144	A9E31476088B8B07A00B82C04DE85E6B02C3671DEAE73AE8DE502C6393505355
Engine/Config/StagedBuild_DiscGolfTour.ini	3	F1945CD6C19E56B3C1C78943EF5EC18116907A4CA1EFC40A57D48AB1DB7ADFC5
Engine/Content/Renderer/TessellationTable.bin	259568	EDC4F3B628A139C5E185BBAECA661C95C1F427368D3B92892C5CFF36C56DD941
Engine/Content/Slate/Cursor/invisible.cur	326	FEF3980FA567E9C45D5D8DCAA432A2C1A3F3BB17FE67D7AB198164F56C142AA1
Engine/Content/SlateDebug/Fonts/LastResort.tps	930	0F775FA99D05E21D43D2D06D55982B23DCDCCDB512A9A5A07AFF674F212C41B8
Engine/Content/SlateDebug/Fonts/LastResort.ttf	5395052	FFF0F8DE0B868B964950FE97C9B60F893E9BC85A4F90B3629C5693DB058B97B9
Engine/Extras/GPUDumpViewer/GPUDumpViewer.html	195428	EB599B5171E99D7C2E35732ABF9525BAEB39B9C2AC86619522F307C57CC90384
Engine/Extras/GPUDumpViewer/OpenGPUDumpViewer.bat	879	E8F7EF9C88697041BD87902B76E52558979CA866C7450B1DA108A94A027F441B
Engine/Extras/GPUDumpViewer/OpenGPUDumpViewer.sh	2165	1B222B5D5AAD6DD9B5B9F0A1C72D38635149540F2C7A368600EC76C1D304390A
Engine/Plugins/NNE/NNERuntimeORT/Binaries/ThirdParty/Onnxruntime/Win64/onnxruntime.dll	17339384	8EBBD55909E8AC94A0CC25282108E2371A56E1A060A82863C0D631415FC7855B
Manifest_DebugFiles_Win64.txt	441	B3F6601628D668519CF35E5AEA21FCA779EAFC773BDDF4B8F0D3580DFAAB57CA
Manifest_NonUFSFiles_Win64.txt	3322	BC4B2AD4256821C27596C17D1A1D8EA9EFE304A1D1E38723CBB952AC8284415E
Manifest_UFSFiles_Win64.txt	300128	C94C9CE041B3E82813439818204B7A1DE2560120E6FEB845F864110EC612F747
NOTICES.txt	111	BA49AE5586F817B36A2772269F71F899CB1F54B5F2720FAD951319EDD5E140B8
